M0,X4,2011,4,42,Acura,Touring car,YOcqabY2uvMtcPE9O
M1,i3,2005,4,21,Alfa Romeo,Hatchback,BZo8scl6uJb8Uec98
M2,Series 62,2006,3,16,Audi,Hearse,b2rnQexTKl9ffGexu
M3,SpaceFox,2014,3,40,BMW,Brougham,m4w70Nel9llagSjPh
M4,Mohave,2009,2,28,Bentley,Coupe de Ville,CAsSFav3M8yEbUdn0
M5,Sorento,2008,2,28,Bugatti,Professional car,SyIzt3ACi1KSmrDNo
M6,250 Isetta,2018,3,37,Buick,Combination car,hGjwfHlgrzFxs2NpY
M7,Fleetwood Limousine,2012,2,36,Cadillac,Landau,BxIeIud2uZtzzLhbk
M8,Potentia,2012,2,41,Chevrolet,Roadster,7TbjA6yq20IsQjfpp
M9,S-503,2015,4,42,Chrysler,Dune buggy,ov4kEPbUlhDAAh41O
M10,XTS,2016,4,36,Dodge,Landaulet,OZNvj17VXUmX70dfE
M11,XTS,2014,3,27,Fiat,Coupé utility,5DuRrvBaoijfwUQSq
M12,Fusca,2000,2,39,Ford,Landau,fQcip2ilc5Lqh84jc
M13,Pointer,2013,3,35,GMC,Forecar,o65KkmAmPo0rtrcd5
M14,Soul,2007,3,42,Genesis,Hearse,ffPbA8nQya5hmuyVe
M15,Apollo,2019,2,16,Acura,Combination car,YyrKX0qe0PEmPc349
M16,Brougham,2010,3,24,Alfa Romeo,Sedan,0hj6H9icwZVMWD1K6
M17,Cruze,2020,4,25,Audi,Quad coupé,0zwMbxjkknWlO6iPs
M18,S-507,2020,4,19,BMW,Dune buggy,3N1tLwkJif9UYYMHM
M19,Escalade,2002,4,41,Bentley,Station wagon,LPLEGU2UymY3gigYq
M20,S-6200,2017,2,22,Bugatti,Compact van,QTjpIhKiU7XLRiw8b
M21,Picanto,2010,4,31,Buick,Cab forward,CT7nkD537kgnGwR7T
M22,Sorento,2003,2,42,Cadillac,Fastback,PeIbvJyComkSwRzsa
M23,Z1,2004,3,34,Chevrolet,Coupé,Sj4Xk7wWseG1mjms5
M24,Brougham,2011,2,34,Chrysler,Hardtop,PCjycbWCAf3Nyxjae
M25,Amanti,2009,3,30,Dodge,Roadster,2CC0sR7CJoz4445jW
M26,Brasilia,2006,2,19,Fiat,Roadster,V8jKCfA89J27fIWtI
M27,Soul,2002,2,29,Ford,Quad coupé,UFhwX0EcFEMpBFh8h
M28,Cruze,2016,3,32,GMC,Van,3vfdV23x7HHv9XDNe
M29,Rio,2017,4,26,Genesis,Roadster,QxrX05WjfPnw939II
M30,1-Series,2011,3,17,Acura,Quad coupé,LtTZyLxBzpewWQU3v
M31,Rio,2000,3,33,Alfa Romeo,Landaulet,UCtNyoDlbDbOkaphR
M32,Series 65,2016,2,43,Audi,Panel van,I6PPGpJOIz1flakLM
M33,K5,2005,3,39,BMW,Phaeton body,U70vzF21Ad5znvzeW
M34,Pointer,2002,4,39,Bentley,Landaulet,SkluaXgkkO1OqFet8
M35,Sedona,2000,4,40,Bugatti,Cab forward,2wt28oqnasQfQnhGB
M36,Carnival,2000,4,43,Buick,Sedan,hhDGu9xXyuZTTakZS
M37,Avella,2003,2,18,Cadillac,Landau,ZSsxA5HzCBNixoBKu
M38,Gol,2010,2,38,Chevrolet,Landau,Jpr0P2QVGraenKglB
M39,ATS,2010,4,20,Chrysler,Cab forward,DhfiYCzRyLlMLHuZT
M40,Coupe de Ville,2005,2,38,Dodge,Limousine,0wVmeAMDyQwHYpCEF
M41,Logus,2016,3,20,Fiat,Hearse,Sc8VkpUWZEcezn6qS
M42,X4,2012,2,15,Ford,High wheeler,N0lTyTvADX7TQbNMF
M43,DTS,2015,3,16,GMC,Buggy,7NdyzGJxBdMvcqNXW
M44,Fox Plus,2016,2,45,Genesis,Coupé utility,EOySW5cbYVcVWt8YX
M45,Series 61,2005,3,23,Acura,Coupé utility,YLNb8iPafqyRHRl5s
M46,250 Isetta,2017,4,25,Alfa Romeo,Roadster utility,UuALTnrW1wEXjQ8n7
M47,Quoris,2018,4,28,Audi,High wheeler,rEbeDrOf5ySbg0paF
M48,Carens,2005,3,27,BMW,Runabout,me22r4SUt5Io99gQ2
M49,Pride,2010,2,34,Bentley,Brougham,pmzJ5bbjEuO4GAEWh
M50,Silverado,2003,2,44,Bugatti,Dune buggy,lsjeZiAYf7GXD90fQ
M51,Fleetwood,2019,3,19,Buick,Roadster utility,PvawOrp09M5ep6QXL
M52,Rio,2020,3,30,Cadillac,Berlinetta,tAa8X24TOdk8qrQfJ
M53,ATS,2016,3,34,Chevrolet,Hearse,ybtOAttwuNe6aVtyZ
M54,Fleetwood Limousine,2016,4,19,Chrysler,Coupe de Ville,0r5zmKgiX4wPpkYVo
M55,3-Series M3,2014,2,17,Dodge,Sedan,ulnBzmvoRwsJFYSiS
M56,Sportage,2014,3,35,Fiat,Runabout,Lj4NFPfHgJoOFVA8K
M57,DTS,2007,3,17,Ford,Professional car,hsAd0zcH9anEud44h
M58,2-Series,2020,3,18,GMC,Convertible,OyH2bwluxDwtO5Rvu
M59,Fusca,2020,4,25,Genesis,Quad coupé,FBGWNIQTdGhv74XfL
M60,Mohave,2001,2,20,Acura,Roadster utility,1EdBLFzQEepmabWpa
M61,K5,2011,4,36,Alfa Romeo,Roadster,DtkIbBwBZWjLf4FUg
M62,XTS,2019,4,44,Audi,Panel van,rEYQjO6CNQ2n4i8l9
M63,1-Series,2017,2,31,BMW,Station wagon,sfQ5qrCV2DE8UGF8S
M64,CT6,2006,4,44,Bentley,Brougham,VcLSOgfYbB0rue2Gb
M65,Cimarron,2006,3,19,Bugatti,Cabrio coach,NmisjOAeFuPHo1MWA
M66,Series 62,2013,4,42,Buick,Professional car,5l0K8pAHjMXFQ4JGf
M67,X5,2014,4,43,Cadillac,Dune buggy,7dRnd0Ft0MtH1R3Vs
M68,XTS,2005,3,39,Chevrolet,Buggy,Vh0wUHCv6LHo6pwXT
M69,Sedona,2007,3,32,Chrysler,Combination car,8XD3JiEVx6Sgw5oKv
M70,Sedona,2000,2,30,Dodge,Runabout,Iqe5NgGW7uCf0tSGB
M71,SP2,2018,3,42,Fiat,Hearse,4Gli9RI9pWQa988Tl
M72,Pride,2010,2,33,Ford,Phaeton body,BxkThzeGBVY1HdBqy
M73,Carens,2011,2,17,GMC,Roadster utility,s0ZyNEdO00Daurjo1
M74,Optima,2015,4,27,Genesis,Combi coupé,LQX8AtBldCkmdDzIX
M75,SRX,2013,2,20,Acura,Barchetta,jLkFdntsvB0UJnv2K
M76,Series 60 (Sixty Special),2010,4,37,Alfa Romeo,Buggy,oNnr8orbvN6uMKS9M
M77,Sportage,2006,4,19,Audi,Cabrio coach,2D6FSK6R7rwF25PuL
M78,Clarus,2018,3,25,BMW,Professional car,6ibvGbNu5hO3EU95L
M79,Series 61,2007,3,30,Bentley,Buggy,VX2OnQlqWjthHeRBM
M80,XTS,2005,3,28,Bugatti,Phaeton body,laX5rD7tPCq2U5OCs
M81,Coupe de Ville,2007,2,31,Buick,Limousine,Imv0KwBS3hZ18S33f
M82,Quoris,2010,4,33,Cadillac,Roadster utility,vYnZqO948RAuWm2tO
M83,Avella,2012,2,30,Chevrolet,Dune buggy,x3Rtp1WAoQFqBxDHt
M84,X3,2011,3,22,Chrysler,Van,hC2StaaIb39RrTXqE
M85,Series 61,2009,3,15,Dodge,Roadster,tgCYle37fWzTXwne7
M86,XLR,2018,2,37,Fiat,Coupé,Ov4ZLEdVvVXtzg8Js
M87,Stinger,2013,4,31,Ford,Coupé utility,iYNlOjq0dJ4giYJMn
M88,Bongo,2011,3,34,GMC,Cab forward,niZ9dT5A7es890Iq8
M89,SP2,2008,4,16,Genesis,Brougham,HF34lEbFvmS2grtOL
M90,Escalade,2011,2,36,Acura,Touring car,hd5JInd0sZjBoaX3U
M91,ATS,2006,4,37,Alfa Romeo,Shooting-brake,fUWuYckwKpG6cyJZ3
M92,Z1,2006,4,27,Audi,Cabrio coach,Oo2ntcmPYlX1zgwEw
M93,Elan,2009,4,35,BMW,Coupé utility,9cOzhcaCnnqStA2Dz
M94,2-Series,2012,3,20,Bentley,Hatchback,GXcmZwTSqoi3aSoL3
M95,Forte,2015,4,27,Bugatti,Professional car,bfof8CF1JhBRmB1o2
M96,Sephia,2017,2,18,Buick,Combi coupé,os9U4Q62C0tAkxoKL
M97,Potentia,2018,3,19,Cadillac,Hatchback,mEeZjWHxqLv5lNhDc
M98,Series 60 (Sixty Special),2004,2,17,Chevrolet,Touring car,ATZEza2fmTMC3VeSJ
M99,Sorento,2000,2,25,Chrysler,Sedan,2kcMaKnAPJD3r1O2g
M100,5-Series,2001,2,28,Dodge,Roadster,EO4RkdK5ELxILs80B
M101,Escalade,2013,3,24,Fiat,Forecar,JB3wq9FQP3RZEhKGf
M102,Magentis,2019,3,38,Ford,Compact van,oLfCFXGxLDPuUOqf8
M103,XLR,2012,4,42,GMC,Professional car,8c1CzqXzKkQ0GXEJH
M104,Quantum,2004,2,30,Genesis,Hardtop,s2LxQpVsQCLAkMvir
M105,3-Series GT,2014,3,44,Acura,Landaulet,jTzwL8IhJxYli72Aa
M106,Allanté,2003,4,22,Alfa Romeo,Dune buggy,E9dHZ6QBXcF7dbwyV
M107,Venga,2015,4,20,Audi,Cab forward,GU6JuKYaOBPxKseAR
M108,Fox,2014,3,26,BMW,Hearse,M6D7EcgfsdljGxGF1
M109,S-6200,2007,4,40,Bentley,Buggy,INerJGtFszrsQZ5fz
M110,Series 60,2018,2,21,Bugatti,Cabrio coach,iBZrS16Mr0vebogjY
M111,Magentis,2012,3,38,Buick,Coupé utility,LxocE0CpcysGV2msv
M112,Catera,2019,4,20,Cadillac,Van,Mwby6Sltu725YSoFP
M113,Calais,2002,3,33,Chevrolet,Shooting-brake,zOwI1cvaKekIqXeEe
M114,Optima,2008,4,45,Chrysler,Landaulet,NruAY5GS25ORYqUdb
M115,X5,2007,2,16,Dodge,Combination car,NX9dgUU3ieb3aHRMC
M116,Fox,2003,2,24,Fiat,Panel van,aiOJyePmtXCaqbGRQ
M117,Shuma,2015,4,23,Ford,Coupe de Ville,Y65u4WXuGQnlUjl3F
M118,3-Series M3,2002,2,41,GMC,Touring car,n367qPQZv2WBOyGTY
M119,Gol,2017,2,32,Genesis,Convertible,9LxVrgVEbUubuUyBT
M120,3200 CS,2012,4,42,Acura,Roadster,rXgMpr10OnfyqqWP6
M121,Series 61,2004,4,28,Alfa Romeo,Station wagon,l5wBklS0hLfeX3SQg
M122,DTS,2012,4,36,Audi,Fastback,2BBPS3EITDjgzVOlx
M123,3-Series GT,2004,4,36,BMW,Quad coupé,5k7r7SOJfbS0A0iNu
M124,S-502,2009,3,27,Bentley,Forecar,vhbf6W71xXcVfjAxg
M125,Concord,2013,2,42,Bugatti,Sedan,dQWb3A6K4wztZervc
M126,K7,2003,2,17,Buick,Compact van,LNYq0PwGtR1fDwcOX
M127,i3,2002,2,37,Cadillac,Barchetta,Xy2rg6oGHBN6HSN3P
M128,Shuma,2020,3,34,Chevrolet,Sedan,aYbK0w5GvNxu9Hs4J
M129,Series 62,2020,4,32,Chrysler,Panel van,wv9iHZSU2xQOO1dw3
M130,Logus,2001,2,41,Dodge,Landaulet,LICpVXOmA2KW9F2bz
M131,Cimarron,2004,4,45,Fiat,Landaulet,DbEZjXtdmp7KiYEB3
M132,Avella,2000,4,24,Ford,Dune buggy,5XgeirSA6h2zWJc3u
M133,Parati,2006,4,35,GMC,Compact van,zRNgQsEhyeJxHisaI
M134,Retona,2008,4,31,Genesis,Combi coupé,UskNqU3UfGopgfKDh
M135,3-Series,2007,4,28,Acura,High wheeler,gkNm4VJrXmdNfdxFZ
M136,Bongo Frontier,2013,3,26,Alfa Romeo,Fastback,84Qdd9zYDFUouM4EM
M137,Cruze,2000,2,26,Audi,Hatchback,NnrjjN1JGAh9M210k
M138,Series 61,2002,4,21,BMW,Cabrio coach,bvayoZ3tY3N7HEuri
M139,K7,2003,4,17,Bentley,Touring car,huJZmrtNGzoysh4q7
M140,Fleetwood Brougham,2005,4,27,Bugatti,Forecar,11AaTnqC2kWUcJRXU
M141,Stonic,2003,3,34,Buick,Combi coupé,AdOVNG8yXBMrHCpFf
M142,Z1,2005,3,39,Cadillac,Panel van,zGhwQEjlsrsg86ur0
M143,6-Series M6,2018,3,39,Chevrolet,Coupé utility,EKi5wEwBl7YWPR35D
M144,4-Series M4,2003,3,17,Chrysler,Brougham,4l3ZHkZrhERd69ode
M145,Saveiro,2019,2,21,Dodge,Buggy,H3xa5TXbIlbcoLhDY
M146,Seville,2011,4,42,Fiat,Fastback,1mgC0meX1QsvjfzbK
M147,Z8,2007,3,41,Ford,Convertible,L8DlEp5ZXldVhs71N
M148,Magentis,2013,3,36,GMC,Hatchback,Av0GKYs9GWGH2Ogwq
M149,X6,2015,4,44,Genesis,Touring car,dlUGN78JEIyMMPzvh
M150,Concord,2011,4,15,Acura,Shooting-brake,eezt5tkEN2eUpYjzT
M151,Suran,2018,2,38,Alfa Romeo,Barchetta,gzt1jvPngQjEgF6TT
M152,Optima,2002,4,22,Audi,Runabout,f6NNXAPShqFrYgzDm
M153,Cimarron,2000,3,28,BMW,Coupé utility,O0XPxk4VMbSxf2t1u
M154,Fusca,2019,3,44,Bentley,Roadster,Pku4Zd9yphKHmGM14
M155,S-6200,2016,3,32,Bugatti,Sedan,oFQuTImBhaklSZn67
M156,Enterprise,2008,3,20,Buick,Shooting-brake,T9G9LWoSfRT5x5lxW
M157,Shuma,2011,3,36,Cadillac,Hatchback,lNly48YYMdFxzPSkr
M158,Z8,2004,3,32,Chevrolet,Compact van,gz7rw9xRWl5IZcvbB
M159,Shuma,2013,3,19,Chrysler,Brougham,Wu3Op4iD1ZOevYpNS
M160,ATS,2007,2,21,Dodge,Buggy,QvsGwzxarqJYiihxe
M161,X7,2004,2,43,Fiat,Hardtop,ven1mFYJm3yrX7LrX
M162,3-Series,2002,2,33,Ford,Hearse,vLmsW29cEdrFLOxzQ
M163,3-Series M3,2000,4,18,GMC,Phaeton body,db2Z5DPJI1BsgRnc5
M164,X1,2019,2,34,Genesis,Coupe de Ville,KCU3UUh6aNHYlAQGw
M165,Voyage,2000,4,43,Acura,Barchetta,vGkfiOLz2eg6nwVBb
M166,Series 75,2018,2,39,Alfa Romeo,Touring car,5B0alQUM5yhGJydjQ
M167,Retona,2019,3,33,Audi,Hearse,bNEIheTKNdMkuhatK
M168,Brasilia,2019,2,20,BMW,Sedan,gb7Iq3sBRy05Sy7As
M169,S-501,2000,4,36,Bentley,Van,ELBRPPLaxH480di0c
M170,Joice,2001,4,20,Bugatti,High wheeler,IBU68JYumgVpPRcv1
M171,Logus,2001,4,44,Buick,Limousine,5KCnIoMZujWU1Owms
M172,3-Series M3,2020,4,40,Cadillac,Fastback,JZnVjl7za40rxnv1i
M173,M1,2010,3,40,Chevrolet,Runabout,GSaiO82tiGNZiD5rc
M174,X3,2003,4,36,Chrysler,Sedan,j7p4jATH9EgtgQ0ik
M175,S-502,2019,2,23,Dodge,Brougham,GJcRh8Qfmqhg6iLz3
M176,Elan,2016,2,15,Fiat,Coupé utility,y6IFpVaHOo62GW6DH
M177,Series 62,2013,3,24,Ford,Barchetta,5gHORErTzcI01tTW9
M178,Escalade,2012,3,34,GMC,Brougham,heNGyOwrt0QATBsOV
M179,Cimarron,2016,2,37,Genesis,Coupé,PmmNgm2fyxELAAXwP
M180,Forte,2005,4,24,Acura,Limousine,PuVw7nARXfp03X5Rh
M181,3-Series GT,2018,3,33,Alfa Romeo,Convertible,6PEzfHy9F1oOHnwHV
M182,3200 CS,2019,3,28,Audi,Limousine,2h6dtrlQUSspWxc3z
M183,X5,2008,2,43,BMW,Forecar,pfeIZ2wBVOeoNAVJ3
M184,Series 61,2006,3,37,Bentley,Compact van,YEd7JZuC2yMnp2fU2
M185,X3,2001,4,23,Bugatti,Hatchback,Z8G0TtjsqV01DzTIQ
M186,Shuma,2003,3,26,Buick,Landau,458GCKkatGQn4DGwP
M187,3-Series,2010,4,33,Cadillac,Barchetta,fAbJjtwqzgytwTIia
M188,4-Series M4,2019,2,20,Chevrolet,Forecar,JY5EAk6luvKR6kizY
M189,Amanti,2004,2,44,Chrysler,Professional car,gZTZdBbmqrYhQy87d
M190,SpaceFox,2000,3,38,Dodge,Professional car,mJEd2YZgbU6EY0kaj
M191,Avella,2011,4,43,Fiat,Cab forward,L3owJqyqcaG1K6IWd
M192,Calais,2019,3,17,Ford,Dune buggy,29M8DpOWu3SnwPg9d
M193,SP2,2006,3,16,GMC,Panel van,XKrn0p7aIoIzxoDGF
M194,ELR,2005,2,24,Genesis,Cab forward,dilZQyOesnsl3KZri
M195,i8,2016,2,39,Acura,Cabrio coach,PXyKeqci3yJjRt090
M196,3-Series GT,2019,2,23,Alfa Romeo,Landau,sZrDYtxFWKG0O5LAY
M197,i8,2007,2,16,Audi,Convertible,ikLuAB60gZSrQFiOT
M198,Sorento,2011,3,38,BMW,Brougham,t7KDZWDKSklaFbYZn
M199,Opirus,2014,2,36,Bentley,Limousine,KrZFP9oZbBTtyAyq7
M200,Fleetwood,2020,2,23,Bugatti,Coupé,qTSkTdVuGI40EYK2t
M201,X5,2003,4,18,Buick,Limousine,jCaql6ULshVgLZOHo
M202,Borrego,2016,3,27,Cadillac,Runabout,lO6a1Z9ygNhhjNJcy
M203,Z3 M,2005,3,18,Chevrolet,Panel van,V1Q66Uu7ZY0zU8YOg
M204,Amanti,2015,4,36,Chrysler,Compact van,IJR44FSMzq07hWXWk
M205,XLR,2018,3,36,Dodge,Compact van,NHeii7O1I2Pmvb4mV
M206,3-Series GT,2015,3,38,Fiat,Compact van,VwRH4lmnUkeEb13pE
M207,Fleetwood Brougham,2009,2,30,Ford,High wheeler,xZExxcRVGJSN2T7Ab
M208,CTS,2015,4,27,GMC,Professional car,y3B2AphFZDeR99lfB
M209,Santana,2012,3,17,Genesis,Shooting-brake,nOFxKrZ1Yen8zG5e8
M210,Series 62,2012,4,39,Acura,Sedan,UhbYc7h9hlcGoJOob
M211,300 Isetta,2014,3,20,Alfa Romeo,Combi coupé,MQ8RARIFtgFJn1zzY
M212,XLR,2016,2,35,Audi,Runabout,OhZwmZeG2uIe1Wg7F
M213,S-6200,2007,3,30,BMW,Professional car,VKstPPaqQc4OiXOJ4
M214,Stinger,2008,3,21,Bentley,Compact van,zj0sEr34BvOQOzIvo
M215,Picanto,2007,4,20,Bugatti,Roadster utility,B3Kbz6ozIBHZvU231
M216,Gol,2016,3,37,Buick,Hearse,XAn9V1l9JW4l4DgL2
M217,BLS,2006,4,39,Cadillac,Quad coupé,daKKG1GknbJBIypfR
M218,Stonic,2002,2,16,Chevrolet,Quad coupé,1nXfNm5uCD2cKwiQu
M219,Series 62,2002,3,35,Chrysler,Combi coupé,z2qI8N0n8B0zd9zYE
M220,Series 61,2008,3,31,Dodge,Dune buggy,3cf6qOnWoMB92dZU7
M221,X2,2004,4,25,Fiat,Convertible,gohHFopLOKjMpIpRP
M222,XT4,2007,4,16,Ford,Quad coupé,6E4xbZ4FdYBnJiLOg
M223,BLS,2005,3,32,GMC,Landaulet,NvCBXWEEYxw1mGyt1
M224,K5,2012,2,44,Genesis,High wheeler,AmuKwoUM0fnKB5FkD
M225,Mohave,2012,4,29,Acura,Van,qfOfNirIcngucq9Ne
M226,Carens,2019,4,37,Alfa Romeo,Professional car,f4naHbLaPlLV0rWqB
M227,K7,2002,2,44,Audi,Panel van,9vGoXWNwhw3Dt0a5a
M228,Magentis,2005,2,17,BMW,Buggy,J8O89W2kheqtQ0fuW
M229,Venga,2012,3,42,Bentley,Shooting-brake,c5WzMD4hnfb7ngrKm
M230,Enterprise,2009,3,34,Bugatti,Landau,F1yoiuDT8DVDQCu1z
M231,Bongo Frontier,2008,3,34,Buick,Barchetta,vZK13WdRbnrYN6xrU
M232,Clarus,2001,4,41,Cadillac,Van,IG8i5ptBkmyIJ833x
M233,SP2,2014,2,39,Chevrolet,Cab forward,2dDWsIj5Kum2IOCRl
M234,Soul,2005,4,15,Chrysler,Barchetta,E1tgw1cetntyThOku
M235,2-Series,2016,4,44,Dodge,Brougham,Ppxm7hvBuMI6PuXZU
M236,Joice,2003,4,35,Fiat,Hardtop,zLO2wot3gnyrUwLoC
M237,Allanté,2005,3,36,Ford,Brougham,rkj7mHNdbFd5UPo4b
M238,Retona,2017,4,24,GMC,Roadster utility,u1ebgstCkNATAoCtu
M239,Elan,2001,4,26,Genesis,Berlinetta,Al8630Q1evnu7elhQ
M240,Soul,2002,2,34,Acura,Coupe de Ville,2DQz3t3VH7J3uJBaz
M241,Series 61,2014,3,25,Alfa Romeo,Coupé,nUiS22gVekOkNoAhk
M242,Series 62,2014,2,23,Audi,Landaulet,u15uerm9NSDgv2Z7G
M243,Series 62,2000,3,23,BMW,Touring car,bKQhUiz25LiPIIV2h
M244,X7,2005,4,34,Bentley,Fastback,ZEgmde49mWZu3RqM6
M245,Rio,2013,4,15,Bugatti,Cabrio coach,6kygadYAhJDyPepXB
M246,Elan,2019,4,16,Buick,Cab forward,dJ0RM6XCdt4zDwoqo
M247,Seville,2000,2,24,Cadillac,Roadster utility,eguqPVg6CYOn80VQU
M248,SRX,2017,2,34,Chevrolet,Combination car,l2rF0tS65qO6CvyuW
M249,Cruze,2012,3,30,Chrysler,Forecar,7U3TFanzzX8Cq0qoG
M250,S-503,2003,4,32,Dodge,Roadster utility,J4aQucJiCvQHyhv2C
M251,Concord,2012,2,19,Fiat,Van,dg3cntrkdSdm3Iw6C
M252,ELR,2013,4,27,Ford,Station wagon,gJoXUPhEURsshnZCB
M253,5-Series GT,2005,3,34,GMC,Station wagon,ka8wGAgrU006R229n
M254,S-501,2003,4,17,Genesis,Fastback,2IxgjQ9g39RUEdlut
M255,Opirus,2009,4,29,Acura,Compact van,bVMky3NRvENauKJoL
M256,Cerato,2012,3,41,Alfa Romeo,Combination car,kUPdQCUrkHrmXKF7d
M257,Potentia,2020,4,43,Audi,Combi coupé,hOw6dNrKMn1MDB92O
M258,Series 60,2002,4,30,BMW,Compact van,ED0US8yzSu8EvzcUC
M259,3200 CS,2012,4,24,Bentley,Landau,PuPGFRBldE8pzuAYD
M260,S-503,2010,2,42,Bugatti,Quad coupé,RqbqdvCC5hKr59WVB
M261,Fox Plus,2001,4,22,Buick,Hardtop,dNBvZ2EDXC3rZpeMS
M262,Joice,2005,2,25,Cadillac,Coupé,tJbCroCq2xWhri4kP
M263,Enterprise,2007,4,33,Chevrolet,Runabout,NAhepjwmPVAdPlt9T
M264,Suran,2016,3,19,Chrysler,Combination car,ew2qWK0Xo1xXY3Q8l
M265,ATS,2020,4,42,Dodge,Cabrio coach,QIkIwHBjcPBDhbHPi
M266,SP2,2001,2,32,Fiat,Hatchback,alfCXMsM4K76INgHl
M267,3-Series,2004,4,30,Ford,Coupé,uS2nIepFqxogeH8u2
M268,M1,2008,4,26,GMC,Landaulet,wut0d48eqA67zG3Ax
M269,ELR,2003,4,43,Genesis,Quad coupé,V2LKbnN48eNWTiMAU
M270,i8,2003,2,39,Acura,Roadster,wQrlH02dtfn5EsX58
M271,X1,2018,2,19,Alfa Romeo,Landaulet,C1UfKjEaKwr0SMhp5
M272,Coupe de Ville,2008,4,19,Audi,Quad coupé,OFAQX2oxnBlr0JoSE
M273,Optima,2011,3,24,BMW,Station wagon,6BVso1ZxhasnPTsFN
M274,Series 62,2018,2,44,Bentley,Landaulet,a8n1FCkG2iqSvyxl8
M275,Z1,2012,4,33,Bugatti,Coupe de Ville,ZX2M6xNYHV7g186hg
M276,K5,2006,2,30,Buick,Station wagon,7odtxrjV4K7TYYYxe
M277,ATS,2016,4,27,Cadillac,Cab forward,JxymDzbcPuP4ctcDH
M278,Carens,2010,3,40,Chevrolet,High wheeler,iqrfZNpRDzWNGTMi1
M279,Rondo,2007,4,42,Chrysler,Landau,kxMJtTNOEg7X9L17N
M280,S-6200,2010,3,30,Dodge,Dune buggy,XkNg3G3TC3CBI7P0b
M281,STS,2018,4,29,Fiat,Buggy,20ErglNTCmVTb2gQB
M282,M1,2009,2,19,Ford,Buggy,E9HlzffXUXvQL49lh
M283,BLS,2001,2,26,GMC,Runabout,IZHec5W3nHWeqZamd
M284,XTS,2009,2,38,Genesis,Hearse,3ZBlUhvUeJtv7xcXH
M285,Retona,2006,3,22,Acura,Limousine,bxh4XMb91gg8JD7M2
M286,Cimarron,2004,2,20,Alfa Romeo,Buggy,yzNhhwllrWnXH0M5q
M287,5-Series,2019,4,19,Audi,Barchetta,v0zjfOS9wKVorOHgZ
M288,Pride,2002,3,42,BMW,Coupé utility,cKChjeKOvGhkHyg77
M289,3-Series,2015,3,34,Bentley,Berlinetta,xRArAhiE58v0IXMuJ
M290,3-Series GT,2019,2,20,Bugatti,Cab forward,5Q141DeitRyye7jnk
M291,5-Series GT,2000,4,32,Buick,Coupe de Ville,ltHmYOMd6QYVViVN0
M292,Series 61,2009,2,29,Cadillac,Roadster utility,ssWshzbRmI0TIASk6
M293,STS,2005,3,18,Chevrolet,Sedan,ou8MqoUzzP7Ga7ecu
M294,Series 61,2020,2,36,Chrysler,Coupe de Ville,46nBVHmHHitze6TA7
M295,SpaceFox,2002,4,38,Dodge,Forecar,8CbW1nPcBuXEUs6L4
M296,Series 62,2000,3,43,Fiat,Hearse,zM26ZVchaFG4YS8Ip
M297,5-Series GT,2017,4,27,Ford,Cab forward,VnpJIdYs6yibSIsLP
M298,i8,2004,4,30,GMC,Convertible,Nc5ioL8CG1MAPR5WT
M299,Escalade,2003,2,28,Genesis,Runabout,dPQNYt3IcHVAQ1Lyj
M300,Mohave,2014,2,24,Acura,Compact van,xuOHHTa7Zs9Mds6mJ
M301,4-Series M4,2012,4,35,Alfa Romeo,Sedan,1BiFrSXmTlAHMvPaP
M302,Stinger,2017,3,17,Audi,Hatchback,lHfXDHMAxj1UELcNL
M303,Z3 M,2003,2,27,BMW,Cab forward,oqotLVRg57v239znj
M304,Series 62,2019,3,35,Bentley,Hardtop,lf268EJ54PrpSmnrG
M305,XT4,2005,3,38,Bugatti,Berlinetta,5n38X6VAdL4eFSXhq
M306,Series 61,2000,2,21,Buick,Station wagon,36MOlJeQ4wRSnOZNS
M307,Voyage,2000,3,23,Cadillac,Coupé utility,t7mw3g4R7FKaRJRW8
M308,XTS,2000,2,38,Chevrolet,Berlinetta,65E7sJukBZ4siHejR
M309,XT5,2001,4,40,Chrysler,High wheeler,63T0mjoncDxKdWHpp
M310,Enterprise,2002,3,22,Dodge,Coupe de Ville,3UDWIZicKpp26POR5
M311,Coupe de Ville,2004,3,23,Fiat,Coupe de Ville,zyvACKywWY3T4pw4K
M312,SP2,2001,3,44,Ford,Cabrio coach,nWz9SZvnC0wrmQm0h
M313,Optima,2000,2,39,GMC,Van,EviZFpib1A5j2YBMc
M314,Voyage,2005,4,40,Genesis,Station wagon,LBmSYX3V1eCQCiqux
M315,Cruze,2019,4,29,Acura,Touring car,caDdpHZDZLrtpZo1l
M316,Magentis,2018,3,21,Alfa Romeo,Hatchback,eiQ01DIr6QmmQP8TD
M317,Elan,2013,4,23,Audi,Barchetta,MOR0GVDZOoUtTski1
M318,Fleetwood,2003,2,41,BMW,Hatchback,QwXIUjpO9HrNLR8VU
M319,Joice,2000,3,26,Bentley,Van,rFp53zrSJKTRhfkyZ
M320,X5,2018,2,26,Bugatti,Coupé,Fr2LX791IxZyzflar
M321,X7,2019,4,32,Buick,Sedan,OheuvhThDsXL1Mybp
M322,Series 60,2007,3,30,Cadillac,High wheeler,8dJCESrKqgMf2kTef
M323,Venga,2013,4,17,Chevrolet,Combination car,VJB9ojGu7TXlb2PLf
M324,Series 62,2008,4,39,Chrysler,Phaeton body,6uJoiWclsCfP4jRnC
M325,Sorento,2009,4,42,Dodge,Shooting-brake,7iArGYxAFjK8vLIW9
M326,K9,2019,3,42,Fiat,Forecar,tCW0bb8BOYwah4gFR
M327,Niro,2017,4,36,Ford,Coupé utility,aUY6gWBNkNTH3xG7H
M328,Catera,2020,3,43,GMC,Combination car,Z7KROmoHssXIKtf7n
M329,5-Series M5,2002,2,33,Genesis,High wheeler,xAaZc5UNSWgdOdfpo
M330,XT5,2019,4,24,Acura,Forecar,rfzaPNiUJSXWehfIN
M331,DTS,2004,3,42,Alfa Romeo,Fastback,fXaQdHAhcUoQWWIkL
M332,Logus,2010,3,20,Audi,Landau,1WvVIaLkKUcSn5JJN
M333,SP2,2006,2,31,BMW,Van,bBgVqiKvoYgWFE03h
M334,X5,2016,4,42,Bentley,Convertible,7y2JXAkcthaPZEtnk
M335,Cimarron,2016,3,21,Bugatti,Phaeton body,gnh5z89HT6POutjVT
M336,Amanti,2003,2,15,Buick,Fastback,la3S68lOowuq9bq6k
M337,Enterprise,2016,4,28,Cadillac,Dune buggy,5aqtG7VyOcwbpgavJ
M338,Shuma,2002,3,33,Chevrolet,Landau,NEZJDEbm0xGuBsWt8
M339,250 Isetta,2008,4,25,Chrysler,Roadster utility,3UqZcUveY3jz4he36
M340,3-Series GT,2001,3,40,Dodge,Combination car,sd80KB5C1ynZkeAFU
M341,Mohave,2016,3,28,Fiat,Barchetta,DGk0NdDqC3R6D4PyD
M342,Seville,2004,4,37,Ford,Cab forward,i2rGVwvhJZnYj2E5s
M343,Concord,2008,2,41,GMC,Berlinetta,rqv40GlyJGgcTFe1t
M344,Series 60 (Sixty Special),2004,2,40,Genesis,Limousine,PXx701xkQ1aj1BVDJ
M345,Picanto,2015,3,31,Acura,Coupe de Ville,TwudWLZo8sMJuUSyz
M346,Z1,2016,4,34,Alfa Romeo,Convertible,TMLn4mHp53fEG3FEc
M347,Saveiro,2015,2,39,Audi,Touring car,hIHquAp6589NgNfo1
M348,Logus,2008,4,30,BMW,Buggy,WWRugHPANwjPZZRgQ
M349,Retona,2018,2,24,Bentley,Cab forward,pNU6sI1A7ZgeHHQwk
M350,Bongo,2010,2,39,Bugatti,Runabout,z0DSzzSAtTIwmxewI
M351,X2,2016,2,23,Buick,Fastback,vFBjA99B6PSsoN6Lm
M352,Sorento,2002,4,35,Cadillac,Fastback,0R5gtdqTAwS6NjUAI
M353,6-Series GT,2006,2,26,Chevrolet,Roadster,WblodXzRNA66Mfq7h
M354,5-Series GT,2010,3,16,Chrysler,Runabout,HFyBJidgxgkR9Rhsk
M355,Apollo,2003,2,17,Dodge,Convertible,ESJft89eQ4dKDSmPj
M356,Series 60,2010,3,37,Fiat,Professional car,loUpHQ2pKae0SGebC
M357,Bongo,2010,3,38,Ford,Buggy,AnkbbligSLVtE7IPq
M358,Fleetwood,2012,4,15,GMC,Runabout,tV6fX24daff1Qmlxl
M359,2-Series,2011,2,19,Genesis,Combination car,gYWNY119axKCLnwLI
M360,Series 75,2010,3,40,Acura,Combination car,vJsKAKujYR0x3kopW
M361,Magentis,2008,2,15,Alfa Romeo,Landau,V7VjWmRMM7k1PkBCq
M362,S-502,2017,2,45,Audi,Touring car,VismJaxLia2Xr2w0Q
M363,Stinger,2007,4,34,BMW,Quad coupé,g9zW3rel0SMnHYF0v
M364,Quoris,2001,4,45,Bentley,Cab forward,n8FuMaSAtQrxsSpDG
M365,Venga,2012,4,41,Bugatti,Professional car,i0fubm9RdeRFOgetF
M366,Series 61,2014,4,41,Buick,Hardtop,Ipafpb4bbcUkDLG0n
M367,X6,2000,3,32,Cadillac,Cabrio coach,2sDzDwc3yybVTgqiP
M368,Quoris,2014,4,33,Chevrolet,Phaeton body,I2vCN7Elax9WBob3z
M369,Soul,2010,4,29,Chrysler,Shooting-brake,tFM1gAem2c8Em89NH
M370,Coupe de Ville,2020,2,36,Dodge,Shooting-brake,aHpqz2LaOYdWlJq20
M371,Gol,2016,3,30,Fiat,Runabout,M7hh0FEgW6zHGmrvc
M372,Avella,2013,4,39,Ford,Sedan,7TjUHkIwY81Oa4bO9
M373,i8,2004,2,31,GMC,Landau,9rmZpIH4yHPn3wZew
M374,Enterprise,2010,3,31,Genesis,Hatchback,lANURjL4cWmrVcK1A
M375,Brougham,2016,4,33,Acura,Convertible,8MHECd3ufw50lBsfE
M376,Soul,2006,4,25,Alfa Romeo,Buggy,M3fjqNB7KrP0OV1Hb
M377,4-Series M4,2002,2,21,Audi,Forecar,UnpjFqiMsk0E48Pzh
M378,300 Isetta,2007,3,19,BMW,Runabout,VjrpzePtXOwtBXrFB
M379,Shuma,2009,4,22,Bentley,Phaeton body,RqyLZc7oVrZxD1GXD
M380,Clarus,2010,3,30,Bugatti,Panel van,xeaSbBub06CAI7lKE
M381,Bongo,2016,3,16,Buick,Buggy,RsBnrY2gULZHGwYpM
M382,Elan,2001,3,33,Cadillac,Limousine,NDKzeq7gckyLIFDRj
M383,S-502,2018,2,26,Chevrolet,Panel van,3a2Q6HULEJpECeNYe
M384,K7,2019,4,43,Chrysler,Runabout,QgfIIo5gKTDjXAIiP
M385,XLR,2016,4,36,Dodge,Barchetta,46vc9r35qs03094FS
M386,Series 62,2005,2,43,Fiat,Hearse,bE07wu9VftOm6yefQ
M387,Stonic,2001,2,30,Ford,Quad coupé,b8qyzwZh8whexNdrg
M388,Bongo Frontier,2020,4,41,GMC,Combination car,vZGtpGO4S47nBh8Im
M389,Series 75,2004,3,44,Genesis,Phaeton body,rfuu32POJHW8jvx1y
M390,Series 61,2006,4,22,Acura,Station wagon,IwRpUu1ZWe64Oat6P
M391,Series 60 (Sixty Special),2016,2,16,Alfa Romeo,Dune buggy,CRBYgtPmL2RneKl4k
M392,Magentis,2009,3,27,Audi,Quad coupé,zjCTAxvRB8vLyh0tq
M393,K9,2001,3,24,BMW,Sedan,CzLWha7kYT3v95swl
M394,SportVan,2006,3,39,Bentley,Runabout,2tjZT3i7PR4q6N6nX
M395,Z1,2007,2,17,Bugatti,Forecar,aTpxJTKWGTYsXc712
M396,Fleetwood Limousine,2017,3,37,Buick,Combi coupé,dEVH6gFvmra3l54cv
M397,Potentia,2005,4,44,Cadillac,Hearse,dzJmkZwjKoQFsuotr
M398,7-Series,2015,4,18,Chevrolet,Dune buggy,0U3niGYpcwVlFLYre
M399,Series 62,2019,2,31,Chrysler,Van,wI1GWkAjgWtiNdqp0
M400,CT6,2015,3,18,Dodge,Dune buggy,wnBSISUlxy3tcc7by
M401,i3,2013,4,22,Fiat,Fastback,X8aHgqQoFKCth6ZrE
M402,Series 61,2015,4,44,Ford,Van,FrkfO1AKcvUoVGnHa
M403,Joice,2010,4,20,GMC,Cab forward,MK4nV8AZP36oVFoL5
M404,STS,2003,4,18,Genesis,Quad coupé,UyJ5ltzim8YOiofTy
M405,BLS,2014,3,40,Acura,Combi coupé,o8VEJb4sAmfq7cJlF
M406,Brougham,2014,3,39,Alfa Romeo,Landau,rrXaVNiHDUak2EDpJ
M407,1-Series,2019,2,26,Audi,Fastback,nvnHbztRb62J2opnw
M408,Fox Plus,2015,2,27,BMW,Convertible,CSKKos5k03erNwhrw
M409,K9,2007,2,20,Bentley,Combination car,8SAxMU2ECLscZyrGF
M410,300 Isetta,2002,4,37,Bugatti,Cabrio coach,PLgQRsjPkYSDYctjU
M411,3-Series M3,2001,3,32,Buick,Coupé,120vxJ8Eq2xOxXPyG
M412,Sedan de Ville,2012,4,16,Cadillac,Coupé,uRyRpTpgIiqc6SN5t
M413,SP2,2014,3,25,Chevrolet,Compact van,KgherhCA1AHZQdaUD
M414,Santana,2015,3,39,Chrysler,Roadster utility,8eUy6Y7mdFJGfU2lK
M415,Potentia,2011,3,24,Dodge,Combi coupé,uLMZjlFGmW2EiQgK4
M416,Sportage,2015,2,19,Fiat,Coupé,k7TXinlk76C46kjLn
M417,Bongo,2015,2,39,Ford,Combination car,kNZVZbWrHpxQDb7RF
M418,Brasilia,2010,3,31,GMC,Buggy,zNL8r4TVCKhRaElhl
M419,Amanti,2007,4,20,Genesis,Combi coupé,Ji4X4ZmB8NPtq4hi2
M420,6-Series M6,2011,2,45,Acura,Combi coupé,5ZLtFAxVvbzn9N0Qy
M421,Sedan de Ville,2013,2,42,Alfa Romeo,Coupé,gyrwc25Fq5tlPNOnQ
M422,Z4,2004,3,31,Audi,Compact van,tyWgitsNh1chErWVU
M423,Brasilia,2005,4,22,BMW,Buggy,vZVEzcUqwV35htkeO
M424,6-Series GT,2007,3,18,Bentley,Barchetta,aE85mI0e0YAcif5Qz
M425,X6,2009,4,41,Bugatti,Cab forward,YxmMfCJrNlUva9t90
M426,X5,2003,4,41,Buick,Landaulet,tZp5fRIMrnyTC7uyG
M427,Series 62,2007,2,32,Cadillac,Roadster utility,sCYgZjycdMDrJKhP2
M428,S-501,2017,2,44,Chevrolet,Roadster,jHqFWLa2JB5tQqlin
M429,Brasilia,2004,2,27,Chrysler,Hearse,diKY06kumdkTg20ym
M430,Potentia,2018,4,21,Dodge,Hardtop,DedBWp6dQdTjhdvUd
M431,Sedona,2006,4,26,Fiat,Buggy,Ak5Kgw3bFfMDVpj4k
M432,Z8,2015,4,24,Ford,Berlinetta,IZfXZlY78h9NQXh79
M433,STS,2009,3,16,GMC,Dune buggy,uUZaBZ1UZDfixSyCT
M434,Soul,2005,2,22,Genesis,Limousine,Xc2RBZNh5IdFNbaUD
M435,Soul,2016,2,29,Acura,Combination car,6HNjIe8yPP1V7XlU8
M436,M1,2006,4,18,Alfa Romeo,Station wagon,PCzT4012Pfe1PNg96
M437,Series 62,2020,2,40,Audi,Landau,zyKumntfHH2C6ugTw
M438,Rondo,2012,3,41,BMW,Hatchback,2eNb5lQw0Ux6lmehT
M439,X4,2008,4,30,Bentley,Coupé,Oy5tsvflbPUKxMuw3
M440,Shuma,2002,3,28,Bugatti,Hatchback,BinA8GFjuRIZTpMLN
M441,ATS,2013,3,38,Buick,Van,n5K5cQrAbpLYFyGH1
M442,Seville,2014,3,37,Cadillac,Cabrio coach,7mVc9RjmCiwG4jtQK
M443,Cadenza,2002,2,30,Chevrolet,Roadster utility,iO3zwf2jR9QpjI7oo
M444,8-Series,2008,3,26,Chrysler,Fastback,hPAQuaCvDJhurb1ER
M445,Catera,2009,4,31,Dodge,Forecar,7cKiQYAjKok9cnZZt
M446,Sportage,2013,2,42,Fiat,Barchetta,fHbDnF0VKSPDwfACR
M447,Potentia,2019,3,38,Ford,Hearse,GYbZSah8fvurrzvsM
M448,CTS,2009,2,44,GMC,Station wagon,ZRSSthCaWlpegjtIj
M449,XTS,2015,2,44,Genesis,Touring car,UvoBgZfL0m2LYI2ZG
M450,Sedona,2016,4,40,Acura,Professional car,xbLusLY0aNzrg3wC3
M451,Cadenza,2018,3,32,Alfa Romeo,Landau,9hqB2QeZsO3Suz5UY
M452,5-Series GT,2001,4,22,Audi,Combination car,DaYn1t24wOuQXB1wy
M453,Bongo,2010,4,36,BMW,Quad coupé,4aLsLwai1Sus78sOO
M454,Fusca,2011,2,20,Bentley,Buggy,J0P3RVVVloquAPN4j
M455,SpaceFox,2006,2,31,Bugatti,Hardtop,KOJnZDVqyjuTLy2E9
M456,Carnival,2003,2,25,Buick,Compact van,fk5vH5qKnfwavFDN9
M457,3-Series GT,2017,4,18,Cadillac,Combination car,dFCrkBUAkBJYPJd7f
M458,Joice,2004,2,22,Chevrolet,Coupe de Ville,JCZR21DpFr9DADCOl
M459,i3,2009,4,26,Chrysler,Touring car,p9y0eHKFm04xSelTt
M460,5-Series GT,2002,3,19,Dodge,Panel van,DXD849pZw6uE5NXKc
M461,Seville,2020,4,26,Fiat,Cab forward,4epfZMHVdTF2NZ49C
M462,Series 62,2006,2,19,Ford,Brougham,jaGnJxhTtNwmN76qV
M463,S-502,2016,4,23,GMC,Limousine,G5bqmtR9TsbpdDFcC
M464,Series 62,2010,2,38,Genesis,Brougham,5HUkYhPoYJCBcKo2w
M465,ELR,2020,2,23,Acura,Limousine,2z0XUh2nImk1kQQ1W
M466,X3,2004,4,19,Alfa Romeo,Combi coupé,bVCiLjQ6KvbzqkPQT
M467,SP2,2012,4,25,Audi,Dune buggy,5aeAIVpnCmADwPjua
M468,Potentia,2000,3,36,BMW,Landaulet,quQhWAojTywhsl19J
M469,XTS,2002,4,19,Bentley,Compact van,CZVPCcgiU1rIfAVq2
M470,Santana,2020,4,30,Bugatti,Cab forward,ZOZBq0MC2z45pa9e9
M471,Quantum,2008,2,38,Buick,Coupé,U9Sok7O8kBByCRnNv
M472,3-Series GT,2019,2,38,Cadillac,Limousine,T6eMG2EyBjqWoySXP
M473,Optima,2007,4,35,Chevrolet,Combi coupé,QeqlQWBJWjmGd6xlv
M474,Avella,2014,2,21,Chrysler,Berlinetta,K77KBSMxuc0F7plfX
M475,Catera,2000,3,25,Dodge,High wheeler,iuypTmC23kkcQJbnm
M476,S-503,2000,3,45,Fiat,Touring car,AIv71y3ceYK1CQZ49
M477,Allanté,2007,3,45,Ford,Roadster,2O5DjpnC5Slj6PTZS
M478,S-503,2004,3,38,GMC,Forecar,NSvsVZhkIfPEcBIkU
M479,Stonic,2018,3,31,Genesis,Runabout,XhVk5ROgMAVpihs5a
M480,Series 60,2009,4,21,Acura,Quad coupé,0hNHOrFvWgtNdqYcy
M481,8-Series,2004,3,34,Alfa Romeo,Van,zXU07V06hHyYI6PR7
M482,Sedan de Ville,2000,4,34,Audi,Berlinetta,9SCTImjxYIcKMIF3J
M483,Sephia,2014,2,21,BMW,Coupé utility,hurzFvZILCvoM7Lwl
M484,5-Series,2011,2,16,Bentley,Cab forward,sOqFFXIvxZJI8zI4S
M485,Cruze,2019,4,38,Bugatti,Cabrio coach,HovZvcviwcJoEGLSB
M486,Fleetwood,2015,3,42,Buick,Forecar,6Q9ZjME1jtKu1xSWI
M487,Elan,2009,4,20,Cadillac,High wheeler,9VjTdrxzmkH6SqSGV
M488,Soul,2017,2,29,Chevrolet,Sedan,3Rs3R0tf3F1NqdeUo
M489,Brasilia,2006,4,41,Chrysler,Hardtop,m7HNnIJNKrELhI2M3
M490,2-Series,2009,4,41,Dodge,Dune buggy,vRlnUXst7iEwKFobr
M491,Sorento,2000,2,38,Fiat,Touring car,96ep8zyoDFlZEiySh
M492,Magentis,2014,4,21,Ford,Barchetta,SHpHS2QvGJvts4y5T
M493,XT5,2008,2,26,GMC,Roadster,uwNReGILvzqSX9oJJ
M494,M1,2009,4,43,Genesis,Limousine,bNct1o2FRmQAp3i9s
M495,Mohave,2002,2,31,Acura,Landau,JxZkWgpodyC6027nR
M496,S-501,2005,4,15,Alfa Romeo,Coupé utility,kz91IdWzLKMA2Ep5p
M497,Concord,2010,2,19,Audi,Barchetta,zgFyJL9XX6KV3dzjR
M498,Forte,2000,4,22,BMW,High wheeler,fB2ZMb3bNkLQ1mEc3
M499,Potentia,2010,3,44,Bentley,Panel van,Gb7DE1SIgXqPCEUhq
