C0,Erika,Bertero,3354,Norcrest St.,Port Saint Lucie,ID,74000,(323)-047-0815,M,158443,D261
C1,Goldia,Dunraven,9883,Secaucus Dr.,North Port,TX,67504,(142)-351-2718,F,590330,D349
C2,Kimberlyn,Wyee,4825,Gold Gulch Rd.,Spartanburg,NV,72180,(978)-977-2439,F,739371,D480
C3,Sharity,Bianchi,1701,Camden Dr.,Monroe,CO,69957,(423)-248-8108,M,455116,D486
C4,Min,Buttonwillow,4040,Bunyana Lane,Cedar Rapids,MT,92060,(620)-719-9703,F,722482,D351
C5,Phyllis,Capenhurst,7057,Steps Hill Rd.,Cincinnati,IA,88545,(812)-125-0262,M,498693,D486
C6,Sammy,Palamar,3218,Pathfinder St.,Lakewood,SD,18967,(298)-860-6820,M,304357,D390
C7,Olive,Lubberhedges,4951,Heidorn Ranch Rd.,Lakeland,SC,35104,(875)-483-6118,F,868827,D11
C8,Billy,Hyson,9773,Seranade Dr.,Saginaw,FL,27530,(238)-204-2695,M,52146,D376
C9,Suellen,Lugard,1865,Tyrwhitt Rd.,South Bend,IA,33782,(478)-327-0760,M,761608,D131
C10,Amelita,Rockhall,1720,Elmlea Rd.,Chandler,SC,83960,(297)-484-3580,F,631126,D480
C11,Prudence,Fordyke,7323,Sansbury St.,Long Beach,NE,95908,(103)-167-5358,F,779135,D106
C12,Ronica,Cochrans,6847,Aubreys Rd.,Boulder,OR,71746,(360)-552-5828,M,881891,D249
C13,Devina,Stroman,5361,Upper George Dr.,Denton,MD,21023,(974)-373-2368,M,349224,D487
C14,Sissie,Semaan,5840,North Minnesota St.,El Paso,CA,80805,(384)-201-7061,M,91614,D496
C15,Amabelle,Kettmann,8042,Goldsel Lane,Glendale,GA,33371,(325)-571-4476,M,824710,D113
C16,Enrika,Portobago,9410,Cobblestone Fire Rd.,Overland Park,WI,14820,(315)-297-0809,F,437954,D150
C17,Wenda,Wellclose,9788,Saratoga Ave,Arvada,UT,23143,(855)-580-8061,F,48777,D393
C18,Felita,Molle,7722,Cerra Vista Lane,Huntington,MI,84288,(127)-068-3591,F,377525,D103
C19,Chloris,Kinnerton,4681,Lindaro Lane,Independence,OH,91746,(479)-583-8745,F,218600,D301
C20,Harley,Fieldgate,4798,Dallon Rd.,Tucson,MI,71348,(821)-662-7389,M,816896,D100
C21,Alberta,Rawley,8709,Yarnell Lane,Brighton,ME,27006,(170)-275-6363,F,360638,D217
C22,Gertrudis,Longmark,9148,Spanish River Rd.,Lexington,FL,57668,(678)-040-9619,M,891697,D296
C23,Ruthann,Cheekwood,9093,Cliffhill Ave,Salem,WI,57931,(780)-725-1744,M,343435,D262
C24,Erda,Wrenbeck,8723,North Grant Dr.,Nashua,TN,71203,(926)-703-6161,F,255159,D108
C25,Ivett,Gadwell,3676,Atno Ave,Burlington,NC,94438,(656)-799-1023,M,36707,D2
C26,Alyson,Coleford,70,Chatfield Rd.,Newburgh,WY,95185,(440)-971-9594,M,338137,D339
C27,Mady,Cudbear,6591,North Milpitas Rd.,San Antonio,ID,16156,(535)-656-6931,M,524138,D25
C28,Indira,Bariadoa,4991,E Greenbriar Lane,Killeen,NJ,96565,(651)-143-4743,F,926235,D85
C29,Hermione,Trailside,5961,Drumsheugh Rd.,Melbourne,RI,19851,(812)-827-7389,M,843129,D322
C30,Katina,Latour,4475,W Washington St.,Kaneohe,ME,31489,(548)-314-8233,F,379901,D496
C31,Nydia,Boxgrove,8969,North Tolman Ave,Frederick,NM,82596,(263)-235-2103,M,582221,D230
C32,Simonne,Murnane,1166,Southwest Prince Dr.,Saint Petersburg,TN,34191,(320)-288-5772,M,702752,D365
C33,Celina,Runaldue,7007,Olde Lantern St.,Baltimore,WI,53475,(967)-187-7664,F,370688,D219
C34,Ted,Tatani,4151,Nosband Ave,Norwalk,FL,21886,(690)-828-5404,M,341645,D468
C35,Eulalie,Rullman,5179,Ashbridge Rd.,Danbury,AL,67172,(660)-552-8313,M,121484,D89
C36,Deny,Sebastion,9931,Dunstarn Rd.,Provo,HI,41934,(275)-245-8528,F,192309,D140
C37,Chloette,Malicoat,1756,N Winchester Dr.,Portsmouth,IN,31259,(221)-405-2154,M,814030,D121
C38,Amitie,Oakbridge,5894,Lake Anza Ave,Columbia,NH,23289,(897)-875-3494,M,446754,D163
C39,Gillian,Olvega,4251,Felch Dr.,Hartford,IA,47636,(654)-303-1133,F,549274,D60
C40,Bibbye,Doorn,5386,Krapish Ave,Toledo,NE,50712,(549)-351-6435,M,443352,D304
C41,Marcela,Wendover,1428,Ormond Lane,Austin,NH,99340,(483)-837-7956,F,224518,D354
C42,Zorina,Kirkside,5491,Virginia Hill St.,Temecula,MT,15706,(844)-351-3027,M,456793,D390
C43,Vinita,Genders,1692,Vialoux Lane,Youngstown,WI,36347,(791)-955-3827,M,197140,D128
C44,Jeanne,Wilcutt,4248,Coolah Ave,Columbia,WV,19758,(947)-333-6660,F,966658,D88
C45,Belita,Tea,3074,Turnbrook Rd.,San Buenaventura,NJ,39554,(119)-076-7669,F,35513,D221
C46,Saudra,Buddle,6680,Garbo Lane,Chandler,NM,77687,(679)-434-0128,M,923949,D300
C47,Corny,Piercefield,57,Canada Goose St.,Youngstown,MI,58243,(719)-184-8010,M,502464,D237
C48,Avril,Moundview,2023,Off Grove Ave,Santa Barbara,NH,89283,(167)-387-9735,M,924819,D82
C49,Fredelia,Carrera,5667,Mahopac St.,Albuquerque,IA,14280,(062)-612-7076,M,130173,D197
C50,Barbara,Muela,7940,Wulff Lane,Memphis,OH,43563,(195)-952-3813,F,703167,D49
C51,Lotty,Cockcroft,3777,Thorncliffe St.,Dayton,AL,85567,(502)-075-5247,F,174152,D272
C52,Rasia,Besant,5160,Corbar St.,Hesperia,WV,45118,(088)-124-7696,M,445058,D114
C53,Vernice,Irkdale,1066,Lathom Hall St.,Waterloo,ND,67618,(407)-053-1217,F,142027,D254
C54,Pearle,Malbrook,9556,Damases Lane,Stamford,LA,87479,(337)-452-1710,M,427172,D412
C55,Ashlan,Hoehn,9866,Baiting Place Rd.,Harrisburg,NH,54579,(819)-425-0978,F,147376,D281
C56,Gisella,Wamasquid,3611,Gataker Lane,Richmond County,NJ,40466,(933)-660-4530,M,628163,D185
C57,Devina,Horlock,400,Laux St.,Boise City,WA,92914,(463)-308-1799,F,88944,D280
C58,Erin,Woodknoll,7828,Longo Dr.,Boise,NY,35571,(519)-884-4009,M,796167,D418
C59,Thalia,Tomki,2179,Whyteleaf Ave,Santa Clarita,NC,23119,(817)-339-7694,M,732367,D430
C60,Willa,Hormead,3665,South Phelps Dr.,Leominster,NM,82287,(847)-115-8318,F,128555,D233
C61,Lori,Glenshire,3884,Blakelow Lane,Bonita Springs,KY,43271,(651)-341-1491,F,271296,D71
C62,Idaline,Bombell,2519,Holburne Ave,Portsmouth,MT,62772,(800)-597-9347,M,581790,D438
C63,Amelita,Warberry,4614,Heirloom Ave,North Port,AL,83026,(759)-799-5301,M,909271,D251
C64,Michelle,Sandgap,6325,Bonita Lane,Augusta,GA,23057,(119)-298-1251,F,283531,D405
C65,Clare,Angelwing,8569,Barnham Rd.,Billings,MS,10317,(867)-966-3308,F,413959,D175
C66,Monah,Ilbert,4430,Brockswood Ave,Knoxville,MA,86163,(788)-618-2988,F,804464,D311
C67,Lucine,Netherhall,9237,Wahneta Rd.,Raleigh,AZ,22886,(168)-520-2064,M,413874,D469
C68,Fredrika,Watkin,561,Osroy Rd.,Des Moines,MI,10152,(016)-686-3258,M,199354,D361
C69,Bonnee,Scanland,5257,Skinner St.,Pomona,IL,79004,(586)-665-3685,M,382823,D424
C70,Constantina,Buffham,6944,Long Ridings Rd.,Jacksonville,ME,92221,(893)-465-5775,M,786499,D404
C71,Carree,Landeros,3907,Santa Ynez Rd.,Jackson,WV,61626,(301)-608-3314,M,975523,D50
C72,Jacklyn,Abeel,4783,Metten Ave,Bloomington,FL,48136,(901)-077-3121,F,724160,D385
C73,Edithe,Alwat,9847,Putnams St.,Allentown,MO,66148,(679)-091-4167,M,724813,D463
C74,Denna,Ryhope,4439,Patmon Ave,Grand Prairie,KS,66598,(965)-355-8046,M,326288,D360
C75,Marylynne,Bedgebury,2854,Rilma Ave,Lexington,NH,76444,(491)-429-4457,F,190537,D39
C76,Berenice,Abergeldie,8645,West Main Rd.,Killeen,NE,49720,(807)-244-7068,M,88909,D368
C77,Cassandry,Batchwood,5016,Handcross Ave,Fort Collins,TN,16317,(175)-835-0622,M,116704,D268
C78,Marlee,Eigleberry,2197,Dukesbury Rd.,Norfolk,LA,84023,(031)-753-6510,M,671810,D341
C79,Lindy,Darrigo,286,Rosemear Ave,Glendale,ID,20745,(948)-900-8680,M,923692,D162
C80,Sonia,Silverlock,6246,Bovarde Rd.,Chattanooga,OK,19719,(209)-078-9733,M,988602,D386
C81,Dorris,Harriman,2194,Handwerg Lane,Memphis,PA,61773,(623)-924-5053,F,730079,D150
C82,Daveen,Winterborne,4141,Rental Car St.,Alexandria,AZ,59759,(171)-686-2040,M,578411,D89
C83,Brear,Warrawidgee,6335,San Rey Ave,Norfolk,MT,67103,(975)-085-4740,M,803368,D216
C84,Eugine,Chippingstone,6670,South Cotton Lane,Merced,CT,66345,(899)-357-2346,F,115792,D494
C85,Rachel,Biggar,7449,Mercantile Ave,Thornton,IN,30631,(589)-083-6060,M,136549,D319
C86,Rania,Fernsbury,1830,Dangar Lane,Canton,IN,60405,(459)-112-6725,M,174401,D323
C87,Mollee,Valero,7479,Sharon Chapel Lane,Rochester,MD,46824,(583)-767-1572,M,134104,D308
C88,Clementina,Manzanilla,1784,East Dunne Lane,Denver,NM,13777,(543)-768-3755,F,952244,D275
C89,Libbie,Potbridge,9656,Mud Gulley Rd.,Virginia Beach,ID,37913,(152)-310-0540,F,846833,D117
C90,Kevina,Winnepeg,2744,Westwood Lane,Johnson City,CO,68991,(612)-389-9493,F,871704,D399
C91,Missie,Whitewebbs,4452,Marsh Hall Dr.,Lexington,DE,64787,(665)-802-8366,F,31576,D393
C92,Eleonora,Barnesville,7555,New Butt St.,Albuquerque,OK,61576,(100)-334-4225,F,302539,D72
C93,Mahala,Pointwell,4921,Priddy Ave,Waterloo,AR,73572,(605)-679-7486,F,138763,D347
C94,Courtnay,Bayport,8075,Bard Ave,Palmdale,AR,56575,(906)-564-7594,F,460340,D394
C95,Lanna,Roeckel,8793,Garnero Lane,Reno,MA,16561,(710)-680-9127,M,628549,D221
C96,Vittoria,Jesup,8658,Freeman Shores Ave,Peoria,KY,54767,(571)-763-7192,F,606020,D247
C97,Bernadine,Montara,3978,Thirlmere Lane,New Orleans,LA,60861,(262)-992-6331,F,26030,D190
C98,Patsy,Ballards,4385,Cache Peak Dr.,Knoxville,NC,26618,(861)-841-8939,M,561774,D457
C99,Erminie,Karringal,6953,Hendrickson Ave,Sebastian,MO,79665,(436)-326-9755,F,4368,D62
C100,Celestia,Nostaw,6505,Highland Lane,Apple Valley,NY,95752,(160)-620-8543,F,655510,D256
C101,Terese,Ansel,8506,Hothorn St.,Cincinnati,CT,25785,(722)-372-9592,F,696809,D138
C102,Anthea,Riseldine,3631,Kellbrook Rd.,Berkeley,NJ,30904,(017)-154-9886,F,290356,D434
C103,Marji,Hamsley,9738,Rose Blossom Rd.,Chesapeake,KY,77540,(133)-937-9656,F,970344,D94
C104,Mattie,Cavanaugh,1205,Couching Ave,Kissimmee,ID,15445,(112)-530-4771,M,633314,D356
C105,Lorianne,Kilpin,5830,Granton Rd.,Arvada,CT,51710,(115)-134-3839,F,347902,D452
C106,Jane,Kazwell,4501,Horn Dr.,Burlington,ME,55079,(698)-929-4518,F,721055,D103
C107,Marcie,Tewksbury,7505,Pennymead Rd.,Bryan,UT,11599,(568)-543-7336,F,651355,D249
C108,Leone,Riedy,5423,Newley Rd.,Reading,SC,98288,(582)-407-1221,M,633862,D297
C109,Maggy,Scudders,7807,Corewood Lane,Spokane,IL,64848,(013)-742-3927,M,285074,D200
C110,Jerrilyn,Bieber,6440,Leisure Town St.,Murfreesboro,TN,65465,(491)-779-2427,F,595197,D70
C111,Mureil,Berkhamsted,4014,Seacrest Lane,Medford,CT,38572,(006)-484-9202,F,610799,D201
C112,Janot,Aldcroft,7663,Birchgrove Rd.,Orem,IN,88381,(168)-761-6381,M,415717,D391
C113,Evangeline,Gierz,2795,Knightswood Lane,Roanoke,MT,82547,(672)-855-2168,F,397106,D388
C114,Liliane,Mitra,907,Varda Ave,Clarke County,OR,45688,(302)-483-7307,F,966739,D418
C115,Babb,Wilcott,3504,Doffing Ave,Nashville,CO,24603,(897)-296-1769,F,830686,D83
C116,Brana,Lengl,5950,Poplar Glen Ave,Utica,ND,11751,(567)-161-7492,M,886701,D104
C117,Dusty,Easterley,7846,W Everell Ave,Antioch,AZ,61302,(866)-394-2562,M,877533,D135
C118,Emma,Pellington,9473,Meller Ave,Appleton,NY,67394,(077)-302-9278,F,309636,D271
C119,Gertruda,Oar,1678,Corte Verte St.,Milwaukee,NY,24572,(208)-351-1300,F,790557,D499
C120,Georgette,Bransfield,5216,Wetherden Ave,Elk Grove,TX,82925,(002)-715-3071,F,750762,D150
C121,Renate,Porten,2320,Sparks Ranch Rd.,Brighton,MN,24842,(163)-841-1857,F,473150,D431
C122,Goldie,Royon,2655,Glenby Dr.,McHenry,NC,20774,(588)-905-3579,M,780256,D295
C123,Joletta,Kilbane,6821,Ivy Lodge St.,Waterloo,AR,20053,(525)-209-6522,F,666338,D371
C124,Adaline,Valleycrest,3275,Lauras Rd.,Stockton,NJ,63962,(565)-531-5083,F,430163,D451
C125,Lilas,Mountfort,5735,Ledwell Dr.,Ogden,MN,57849,(665)-120-6258,F,124396,D30
C126,Milli,Wisse,8923,E Krage Ave,Louisville,OH,79663,(442)-211-5436,M,575513,D380
C127,Horatia,Marella,2393,Scorpion Ave,Saint Petersburg,WI,73236,(741)-994-6048,M,211919,D353
C128,Moyra,Goleta,1272,Windrock Lane,Fort Smith,MO,34862,(881)-258-3336,F,83287,D246
C129,Chad,Copen,2186,Lehmer St.,Olathe,OH,36312,(121)-022-6276,M,509176,D8
C130,Karina,Verein,2363,Mashie Ave,Nashua,CO,94725,(665)-746-9751,F,144390,D195
C131,Dorey,Althorne,849,Vineridge Ave,Pensacola,FL,30360,(746)-162-2900,F,815416,D144
C132,Brigit,Trulock,2860,Foreman St.,Tacoma,ME,42568,(816)-395-6859,M,193676,D211
C133,Michaelina,Heatherden,6649,Pix Lane,Roanoke,NH,84370,(379)-748-3655,F,286623,D103
C134,Elsbeth,Dilleta,8916,Joby Rd.,Sioux Falls,UT,16001,(982)-261-6538,F,285515,D114
C135,Brittany,Houldworth,8045,Leverett Lane,Providence,WY,76617,(823)-151-7112,M,484415,D241
C136,Andi,Martinscroft,9014,Tedder Dr.,Spartanburg,ND,44953,(656)-259-0102,F,857569,D344
C137,Maureen,Tomah,1937,Madero Lane,Springdale,ND,47286,(788)-022-8816,M,19378,D309
C138,Inesita,Korndyk,7240,Bent Spur Lane,Colorado Springs,LA,82801,(454)-794-8880,M,881786,D498
C139,Fifine,Danewood,2433,Scenicview Dr.,Pasadena,LA,27083,(254)-160-5888,F,878513,D494
C140,Ruthie,Ingersol,3277,Sandcastle Lane,Corpus Christi,FL,52678,(890)-467-6309,F,901598,D146
C141,Dorrie,Kibo,5689,Nilsson Ave,Antioch,FL,11626,(493)-704-1706,F,595495,D113
C142,Tanya,Potomska,5562,Great Elms Ave,Chicago,IA,26745,(138)-026-8751,M,314465,D368
C143,Dulcia,Napco,5531,Cornford Dr.,Kaneohe,TN,95478,(903)-434-7340,M,914172,D424
C144,Barbey,Meadowside,1342,Pederson Rd.,Downey,OH,66091,(388)-726-3746,M,122455,D226
C145,Caroljean,Journet,7449,Davy Robinson St.,Merced,FL,69385,(472)-561-4800,F,210743,D418
C146,Melisandra,Furber,2106,Sunsprite Ave,San Diego,MD,25813,(928)-166-8279,M,238290,D32
C147,Kordula,Hoddesdon,9907,Harvest Landing Dr.,Lakeland,MA,54979,(680)-461-5201,M,419735,D352
C148,Frances,Nebrentwood,7296,N Larkspur Dr.,Newburgh,MT,30658,(114)-115-2156,M,856802,D19
C149,Jobie,Ropley,4974,Lujean Dr.,Normal,NE,31379,(625)-051-1337,M,385213,D292
C150,Saba,Pitland,4776,Gartlet Lane,Grayslake,NV,76331,(845)-803-3598,F,566172,D35
C151,Norina,Swanfield,7355,St Tropez Dr.,New Bedford,WA,74339,(882)-300-3996,F,143394,D485
C152,Beckie,Bluestern,5434,Brentwall St.,Overland Park,NM,10482,(108)-150-8928,M,557389,D466
C153,Jaclin,Wilscot,474,Elfreda Rd.,Murrieta,SC,78571,(242)-862-0624,M,904984,D284
C154,Rosalind,Sach,4030,Cressex Dr.,San Antonio,NV,25446,(796)-496-9648,M,292238,D16
C155,Robina,Granaston,2986,Richardson Nursery Rd.,Olathe,MD,98387,(912)-246-2260,M,870388,D462
C156,Karine,Bubhurst,8528,Tolsford St.,Olympia,KY,75156,(871)-985-0712,M,998141,D307
C157,Zelda,Barkworth,8926,Lukes Ave,San Buenaventura,MI,61373,(639)-695-8571,F,863115,D110
C158,Catlee,Doynton,3899,Dairsie Ave,Saginaw,MT,26080,(910)-840-5422,M,770131,D32
C159,Arlen,Riesco,3616,East Java Dr.,Reno,MA,58124,(695)-035-4437,F,211419,D368
C160,Larisa,Quinan,6636,Artillary Ave,Sebastian,ND,39128,(140)-271-9272,F,982102,D198
C161,Tomi,Bigland,729,Milrose Dr.,Vero Beach,MI,19317,(925)-312-3499,M,615605,D193
C162,Dianna,Buttsbury,5788,Aldersbrook  Park Rd.,Norman,CO,68821,(922)-271-2878,M,683994,D200
C163,Lian,Linbrook,1514,W Ryan Lane,Rockford,NJ,23925,(203)-195-6209,F,405498,D152
C164,Christyna,Reedswood,5809,Priebe Ave,Rancho Cucamonga,WA,91651,(753)-852-0998,F,471609,D140
C165,Frank,Calamint,8406,Hoppys St.,Independence,WV,15653,(934)-379-8477,M,213481,D132
C166,Arline,Dalphin,9778,West Border Lane,New London,CO,55482,(962)-119-8036,F,989196,D228
C167,Hilary,Cembellin,6891,West Cremona Rd.,Raleigh,MS,99982,(918)-004-3598,F,662835,D181
C168,Cassandre,Lightridge,2399,Jose Figueres Ave,Champaign,NM,17259,(961)-448-0600,M,421749,D58
C169,Sisely,Culford,5314,Smith Hill St.,Modesto,VA,66084,(797)-586-2676,M,53254,D348
C170,Angelina,Millbeck,2308,E Grassy Sprain Dr.,Port St. Lucie,WA,40241,(809)-592-7663,F,270804,D40
C171,Caralie,Morrington,2283,Lawrence Creek Ave,Jacksonville,CT,75196,(265)-332-9003,F,394328,D435
C172,Bellanca,Linmouth,5804,Warley Hall St.,Cathedral City,MN,95605,(167)-937-7986,F,712800,D393
C173,Petronille,Galea,3104,S Fremont Lane,Port Arthur,SC,88669,(543)-758-6640,F,111854,D282
C174,Wynne,Dato,2909,Provance St.,Bakersfield,KS,60180,(745)-953-0089,M,418807,D136
C175,Gerta,Springholm,9171,Spring Creek Rd.,Elk Grove,ID,79836,(169)-089-7212,F,490600,D391
C176,Miran,Arcangela,5190,Dogden Dr.,Lafayette,OK,89900,(337)-791-7334,F,793779,D200
C177,Audra,Yarrabee,1315,N Locke Rd.,Waterbury,NJ,36809,(293)-298-0647,F,377034,D207
C178,Fredelia,Bleasdale,149,Teal Island Dr.,Cathedral City,PA,36458,(540)-776-8072,M,866817,D404
C179,Katrine,Westhorpe,9261,Peter Pan Lane,Gilbert,NC,13163,(021)-373-7400,M,593953,D209
C180,Michal,Avonmouth,5637,Northeast Windermere Rd.,Toledo,IA,75733,(068)-295-8996,M,510606,D440
C181,Dinny,Araujo,2038,S Burr Lane,Winter Haven,IA,77031,(933)-987-7220,M,411768,D280
C182,Jennifer,Primavera,1057,Vandalia Lane,Sunnyvale,TN,78442,(852)-226-7718,F,975316,D387
C183,Laura,Brays,9961,Soloms Court St.,Winter Haven,ND,36668,(477)-847-1521,F,835814,D93
C184,Jacquelin,Baywalk,933,Treswell Ave,Normal,IA,13352,(317)-277-3431,M,826146,D250
C185,Malorie,Mansel,5084,Rainsboro Rd.,New Haven,TN,71754,(772)-798-3199,M,271375,D189
C186,Adaline,Verissimo,4170,Rosary St.,Costa Mesa,MA,56720,(840)-960-2940,F,703458,D336
C187,Morna,Glemar,3754,Cecile Dr.,Salt Lake City,NC,27296,(127)-702-6694,F,703780,D301
C188,Cicily,Commonhall,6350,Chaleyer Dr.,Fort Smith,NJ,60590,(292)-385-6379,M,876032,D176
C189,Pavia,Oldhouse,266,Reality Lane,Lorain,TX,28140,(926)-117-2665,F,177562,D3
C190,Corey,Duperu,9376,Old Meadow Dr.,Scranton,CT,41855,(353)-547-6386,M,592381,D386
C191,Adore,Grovers,5634,Kirkstone Dr.,Chicago,ID,54042,(561)-851-5091,F,965837,D473
C192,Zoe,Jefry,6212,N Norton Dr.,Cleveland,MA,28955,(379)-858-6702,M,330443,D288
C193,Holly,Streakes,140,Giesbach Ave,Mesa,OR,14283,(477)-859-5029,F,905984,D483
C194,Angeline,Toluca,7454,Cavalry Lane,Youngstown,WA,11276,(604)-802-3132,M,835974,D180
C195,Melanie,Nalls,9613,Hepburn Heights Rd.,Springdale,NY,40073,(971)-535-5928,M,870046,D439
C196,Sydel,Mathaurs,7511,Ives St.,Kaneohe,FL,53666,(948)-602-8843,M,658845,D454
C197,Mellie,Whitehill,6084,Marine Ave,Fitchburg,NV,86927,(651)-682-1750,F,707962,D435
C198,Angelle,Halgren,7145,Coates Ave,Milwaukee,AR,56950,(284)-052-0337,F,106814,D268
C199,Michel,Courallie,6371,Wapshott Lane,Macon,MI,80347,(844)-901-8229,F,969728,D155
C200,Sibelle,Tuscarawas,9614,Nylan Dr.,Racine,KS,62118,(134)-102-4508,F,551752,D151
C201,Mickie,Kardon,7315,Redshank Rd.,Corpus Christi,IL,58543,(631)-222-6849,M,50796,D88
C202,Brenda,Wendal,5244,Van Dyke Rd.,Green Bay,RI,60269,(388)-211-7120,M,223498,D189
C203,Kirsteni,Gratia,6232,Alderville Lane,El Paso,PA,52144,(387)-005-6711,M,209711,D260
C204,Marina,Amoruso,2470,Saddle Ridge Rd.,Saint Petersburg,TN,11279,(630)-045-2554,F,607750,D474
C205,Janean,Werline,3035,Elf Ave,Lorain,MI,88956,(024)-658-1000,M,120783,D274
C206,Gaye,Narray,4449,Westhead Rd.,Killeen,NJ,75505,(633)-771-1912,M,567256,D43
C207,Babara,Salcote,7172,Bucks Mill Dr.,Lake Charles,GA,82346,(357)-389-4415,F,794058,D48
C208,Sheelah,Combes,3748,Kaleva Dr.,Thousand Oaks,AZ,31274,(294)-091-1286,M,363148,D76
C209,Xena,Pantile,8996,Ponderosa Rd.,El Monte,SC,14275,(767)-311-2549,F,30186,D337
C210,Berta,Thirtysecond,2947,Adrien Ave,New Haven,WI,68035,(395)-726-0932,F,617700,D201
C211,Keely,Lufberry,1951,Hesperian Ave,Hagerstown,IA,74699,(452)-485-9333,M,321740,D239
C212,Kitti,Ritch,8546,Middletree Dr.,Scottsdale,FL,21869,(217)-668-1121,M,259519,D343
C213,Fania,Friezland,978,Rockcreek Dr.,Richland,TX,70043,(496)-431-9756,F,937146,D441
C214,Valli,Linkwood,3969,Caltrans University Lane,Wilmington,OR,41730,(958)-509-1225,F,30998,D434
C215,Winona,Oxwood,6752,Steventon Ave,Plano,NY,99770,(703)-417-7443,F,16239,D188
C216,Lurette,Silverdate,125,Pelhamwood Ave,Concord,ID,21698,(063)-625-6699,M,931355,D355
C217,Sophie,Farjeon,4326,Preswicke Lane,Naperville,WA,32552,(248)-358-9948,M,417821,D335
C218,Evelyn,Hillhurst,1592,Beach Haven Lane,Rochester,MA,74267,(905)-657-9246,M,379225,D93
C219,Georgine,Elfred,3126,Hyde Estate St.,Normal,CA,24869,(375)-048-8618,F,711393,D146
C220,Mallory,Dickley,8599,Weech Dr.,Aberdeen,AZ,76984,(486)-513-8226,F,404436,D62
C221,Elnora,Farthingham,6051,Sportside St.,Huntsville,KY,34589,(326)-512-1027,M,153036,D373
C222,Ailey,Marda,7157,Aberconway Lane,Richmond County,IL,37124,(751)-973-8253,F,670121,D103
C223,Kyrstin,Grapewood,6537,Billson Rd.,Hickory,NM,43354,(160)-309-3835,M,229185,D145
C224,Joannes,Grest,7813,Lauppe Rd.,Danbury,MN,25310,(903)-528-6905,F,819370,D455
C225,Shaun,Brushford,961,Eveleth St.,Mesquite,NC,72309,(551)-836-7470,F,344900,D432
C226,Romona,Greenaway,9198,Wonderland Rd.,Roanoke,MO,73409,(546)-258-6059,F,566907,D25
C227,Sallyann,Soalwood,8569,Boltwood Lane,Harrisburg,AL,34959,(149)-819-2935,F,140820,D302
C228,Kelley,Rueben,1157,Malvasia St.,Bridgeport,MI,56462,(201)-446-5470,M,547641,D166
C229,Sayre,Shouse,1702,Roberto St.,Victorville,UT,70823,(747)-337-2720,M,374857,D272
C230,Shannon,Craigton,6350,Las Lomitas Ave,Birmingham,MN,17669,(651)-634-9946,M,466220,D384
C231,Frederica,Trehern,5131,Aqua Rd.,Spokane,WA,27699,(202)-261-2759,M,236143,D115
C232,Linet,Pitts,9719,Cottswold Rd.,Howell,SC,98662,(950)-532-5009,F,740139,D197
C233,Mufinella,Manatuck,8889,Corwood Ave,Irving,NJ,85105,(821)-685-0739,F,615847,D61
C234,Ceciley,Rhyan,893,Scranton St.,Medford,CA,33927,(482)-923-9539,F,441047,D252
C235,Suzie,Gissing,6114,Town Mead St.,Vero Beach,AR,62940,(043)-040-8335,F,595026,D151
C236,Zuzana,Frantz,4127,Heathcliff Rd.,Erie,NM,79610,(113)-214-7936,F,303538,D23
C237,Aline,Rhodin,1936,Pawlet Lane,San Buenaventura,TN,10874,(444)-156-2303,F,3524,D28
C238,Blakelee,Whitehurst,8453,Taylor Park Dr.,Anchorage,WV,56925,(673)-226-4346,M,490448,D294
C239,Cosetta,Risborough,7721,Lake Lesina Rd.,Yonkers,WV,30511,(018)-745-5707,F,775324,D333
C240,Eada,Skeels,9509,Haruff Ave,Winston,NV,29673,(426)-663-6258,F,230657,D220
C241,Kati,Felcourt,1084,Edelton Rd.,Hialeah,IA,73549,(393)-775-7804,M,373537,D208
C242,Amabel,Krause,8344,Acklington Lane,North Las Vegas,CT,95227,(850)-806-9390,F,716311,D110
C243,Florie,Spanos,1918,Tived St.,Augusta,UT,34800,(125)-667-6575,F,307215,D255
C244,Kissee,Featherston,1475,Clumber Ave,GreenBay,WV,65409,(214)-831-8422,F,891917,D283
C245,Phylis,Hopi,1791,S Ellsworth Dr.,Corpus Christi,HI,43321,(676)-442-7922,F,866720,D28
C246,Nicholle,Gunyah,8640,Downey Lane,Bakersfield,IL,81167,(248)-985-2054,F,865195,D411
C247,Biddie,Mas,106,Northview Rd.,Abilene,OK,17012,(415)-109-2865,F,848734,D186
C248,Frayda,Pierino,2512,Timberhead Dr.,Punta Gorda,WA,41584,(400)-341-2271,M,152420,D349
C249,Viv,Tyers,343,Farnol Lane,Worcester,KS,33605,(388)-893-7395,F,979380,D377
C250,Marjie,Billingshurst,9839,Glad Valley St.,Sterling Heights,SD,34803,(100)-603-6748,F,256113,D85
C251,Gabriellia,Saradale,585,Deynes Rd.,El Paso,MN,61740,(547)-434-8011,M,360659,D334
C252,Corina,Longhams,2093,W Glendale Dr.,Port Saint Lucie,MO,64699,(470)-471-3725,F,777868,D73
C253,Danette,Weant,5045,W Hendricks Rd.,Merced,MA,81184,(548)-075-1623,F,680086,D149
C254,Berrie,Buttonbush,4265,Utopia St.,Moreno Valley,MA,68286,(943)-334-0492,M,678808,D256
C255,Genovera,Regan,3301,Scarr St.,Columbus,SC,28917,(578)-832-5522,M,869915,D225
C256,Jodi,Longhill,3636,Old Malden Ave,Philadelphia,WA,62157,(433)-583-9080,M,780167,D87
C257,Revkah,Glenhouse,5158,Burnt Oak St.,Arlington,MD,31907,(867)-906-5118,M,791842,D267
C258,Shayne,Somner,1781,Honor Dr.,Boston,HI,55512,(476)-025-6781,M,178787,D328
C259,Ashien,Newborough,8079,Vernon Ridge Ave,Irvine,ME,37543,(669)-650-8003,M,777939,D428
C260,Candida,Judick,8332,Burnmoor St.,Worcester,AR,37506,(392)-821-3596,M,683380,D168
C261,Manda,Giffords,4335,Veirs Mill Rd.,Kissimmee,TX,25404,(733)-398-9854,F,691807,D448
C262,Beckie,Feathercombe,9171,Pavan Lane,Port Orange,WA,95958,(836)-154-4446,F,909313,D242
C263,Bessy,Handside,2508,Graces Lane,Olympia,SD,47181,(030)-831-6758,F,22093,D192
C264,Flossy,Ivere,5732,Bloomhall Lane,Kenosha,IA,83123,(307)-815-2352,M,815669,D452
C265,Ginger,Laviolette,6778,Kendee Ave,Bloomington,WI,66395,(772)-395-0241,M,654283,D214
C266,Maisey,Halsall,968,John Turk Ave,Frederick,SC,98670,(703)-626-4861,F,983029,D170
C267,Sonnnie,Calafia,5397,Maccomb Dr.,Kalamazoo,CO,16278,(541)-981-1429,M,6060,D227
C268,Albertine,Rossville,2430,Lolita Rd.,Grayslake,MT,76194,(631)-617-3868,M,746808,D322
C269,Steffane,Samaria,5521,Keokee St.,Palmdale,MI,99434,(448)-903-5395,F,638288,D347
C270,Cybill,Georeffy,9900,Rosas Rd.,Birmingham,MA,14050,(531)-641-1773,F,779772,D32
C271,Cindee,Greenlawn,4564,Lake Shore Dr.,Cambridge,GA,99252,(237)-502-8608,F,27398,D49
C272,Malynda,Delfield,1546,Starr Jordan Ave,Denton,MI,14965,(542)-018-2803,M,94880,D221
C273,Emlyn,Woodmont,5816,Old Acres Ave,Houma,UT,77924,(160)-285-0137,F,67124,D297
C274,Noel,Edgelea,3630,Altamont Pass St.,Topeka,KS,53722,(923)-008-9723,M,924111,D500
C275,Sheela,Glenellen,3063,Lavinia Ave,Burlington,IA,80232,(439)-075-9530,F,981041,D229
C276,Etty,Invergowrie,3127,Armistice St.,Portsmouth,MI,83167,(134)-837-2366,F,222538,D190
C277,Charo,Rigeley,205,Auto Mall Ave,San Francisco,MT,92107,(442)-597-5634,M,514280,D178
C278,Sean,Yarramundi,4697,Lauser Ave,Hollywood,MI,42217,(455)-834-4121,F,50529,D219
C279,Thia,Bisner,1057,Steading Dr.,Merced,UT,12371,(043)-190-4428,F,827200,D397
C280,Corrie,Nahatan,4050,Thornville Lane,Champaign,VA,16689,(831)-610-5086,F,374925,D249
C281,Marris,Chaffer,3219,Highpath Lane,Palmdale,UT,60113,(608)-309-0999,F,432670,D79
C282,Fredi,Taaffe,4119,Bladensburg Dr.,Murfreesboro,WY,20554,(361)-045-5959,M,189032,D133
C283,Vitia,Seney,2967,Oxlease Ave,West Covina,LA,20491,(583)-116-4987,M,547638,D441
C284,Hillary,Lancastrian,991,E Avon St.,Erie,HI,61249,(405)-185-6219,M,477527,D65
C285,Jobye,Basmore,7567,Gordons St.,Waco,VA,90591,(896)-266-9973,M,900833,D401
C286,Lissi,Courcival,7807,Asset Lane,Monroe,KY,89073,(317)-053-9015,F,565092,D73
C287,Gusella,Scorton,2593,Northeast Mabrey St.,Inglewood,MI,37849,(959)-473-5044,F,209381,D392
C288,Fay,Inness,4160,Eton College Rd.,Gainesville,NM,53720,(715)-212-5790,M,727070,D203
C289,Sashenka,Danecroft,7893,Uridge Lane,Orem,NV,83792,(069)-102-0944,F,3620,D61
C290,Cinnamon,Grandys,1874,Oakwood Park Lane,Greenville,OH,23678,(572)-387-6682,F,297285,D475
C291,Sherill,Kulinia,6123,Dual Wide St.,Portsmouth,OH,97986,(790)-605-6806,M,162753,D367
C292,Pegeen,Norsey,5877,Hittinger St.,Springfield,MO,46394,(452)-534-0938,M,447227,D36
C293,Cheri,Rydal,6949,Beaubien Ave,Detroit,RI,94145,(088)-741-1827,M,388224,D261
C294,Tammie,Schock,7173,Tennis Lane,Hayward,NM,36089,(004)-623-0315,F,636567,D134
C295,Daffie,Ban,8745,W Daniels Dr.,Santa Cruz,AZ,98152,(672)-558-3972,F,564023,D145
C296,Rozalie,Hazelmoor,1546,N Boro Dr.,Sioux Falls,MA,84996,(602)-134-1275,F,371869,D456
C297,Ronica,Gritstone,9466,Regan Hall Ave,Pasadena,HI,81375,(552)-394-7257,M,180846,D391
C298,Abagael,Rayson,6084,N Blackburn St.,Port Arthur,MO,91078,(839)-506-7076,M,956995,D424
C299,Lisette,Wallendbeen,9643,Sonoma Ridge St.,Plano,MS,89254,(961)-171-3697,F,953339,D492
C300,Goldi,Goodwyns,5945,West Hookston Rd.,Bridgeport,CO,30734,(113)-428-0821,F,956260,D93
C301,Issy,Crehore,412,Clisby St.,Athens,WV,28776,(137)-943-0464,F,565407,D373
C302,Aurelea,Holtdale,9299,Daldunn Lane,Norfolk,DE,29055,(023)-645-0985,M,916998,D85
C303,Ammamaria,Levern,6162,Cooperative Dr.,New London,NC,59520,(292)-371-2534,F,599129,D489
C304,Nady,Panjon,8316,Valley Wood Lane,Fullerton,KY,90775,(207)-709-9684,F,585614,D399
C305,Garnet,Sacoya,9255,Comstock Mill Dr.,Marina,WY,14236,(345)-105-0413,F,671228,D404
C306,Kim,Brinley,7123,Chandler Lane,Olympia,LA,28631,(791)-367-4112,M,729252,D1
C307,Maurizia,Fernshire,7164,Banks Ave,Montgomery,TN,42300,(315)-186-2770,M,182984,D111
C308,Alameda,Annbar,7297,Lobelia Ave,Norfolk,NY,74565,(870)-946-8681,F,252937,D202
C309,Alberta,Lemcrow,4906,Burnbury Ave,Ogden,VA,66647,(929)-858-9082,M,44208,D12
C310,Margi,Oldlands,1993,Rossmoor St.,Tulsa,LA,69650,(962)-351-7936,M,617838,D115
C311,Jewell,Priestwood,5067,Mianus Ave,Overland Park,OH,28673,(414)-384-3259,F,360071,D494
C312,Kelcie,Greylyn,4598,Yeend Lane,Champaign,NJ,20009,(040)-153-1065,F,163523,D304
C313,Adora,Allesley,7612,News Rd.,Murfreesboro,RI,99375,(801)-143-9881,F,994959,D421
C314,Shalna,Abbeydale,8341,Micklefield Dr.,South Lyon,ID,51680,(747)-922-0911,F,162947,D114
C315,Dorise,Foxbeach,7740,Ana Maria Dr.,Savannah,WI,11822,(252)-593-2458,F,990212,D266
C316,Rosabelle,Dobrody,4298,Escobar Lane,Las Vegas,NJ,82112,(088)-016-5275,M,230434,D192
C317,Tomi,Hurlingham,6887,Welesley Lane,Normal,WA,56678,(624)-121-7714,F,593659,D37
C318,Olva,Gottenham,4553,Doescher Lane,Bradenton,MT,47486,(676)-291-6671,F,28488,D308
C319,Franni,Jaeger,1207,Cumberlow Lane,Stamford,MA,98606,(580)-537-5549,F,430391,D388
C320,Joanie,Geraud,2931,Wembley High Lane,Athens,GA,13453,(184)-427-3975,M,701541,D449
C321,Inna,Ruffing,9529,Bloors Wharf St.,Fort Collins,ND,69476,(467)-723-3625,F,408084,D458
C322,Harmony,Bittner,5854,Weetawa Ave,Aberdeen,OK,47443,(869)-497-5525,F,71149,D28
C323,Jermaine,Tilba,2991,Dominica St.,Las Vegas,NH,11309,(103)-767-1331,M,278193,D338
C324,Octavia,Bartow,358,Carrwood Dr.,Lake Charles,TN,93591,(989)-387-6720,M,267701,D151
C325,Corey,Greenhood,6422,Higdon St.,Lancaster,VA,77856,(131)-726-4731,M,475905,D219
C326,Jenn,Greycoat,6801,Ingle St.,Concord,CO,12920,(461)-135-7257,M,524913,D340
C327,Bobinette,Chinbrook,353,Gamon Ave,Las Cruces,RI,14992,(079)-841-1248,M,866651,D13
C328,Tiffi,Indianwood,2983,Ilwaco Dr.,Normal,MA,75000,(566)-274-3783,M,634596,D145
C329,Diahann,Dubois,5876,Sandy Rd.,Murrieta,FL,60166,(879)-499-3750,F,960626,D29
C330,Yasmeen,Appollo,1780,Sebert Dr.,San Antonio,MA,93245,(059)-485-0210,M,731553,D169
C331,Lyndell,Willig,5015,East Nichols Dr.,Deltona,VA,13624,(500)-808-8755,F,416902,D364
C332,Ange,Wardsbrook,8106,New Brier Dr.,Hagerstown,GA,84092,(238)-897-3368,F,740469,D259
C333,Joy,Livoli,4641,Smith Dr.,Chula Vista,CA,27557,(005)-543-6614,M,465695,D471
C334,Jobie,Elsenham,8831,Xenia St.,Escondido,NY,39103,(738)-749-0171,F,853867,D204
C335,Stefania,Givendale,3494,Stender Lane,Erie,HI,57632,(741)-215-1201,M,779638,D229
C336,Lucky,Testard,1718,Timon Rd.,Manchester,CA,89973,(083)-587-0764,F,127159,D44
C337,Jerrilee,Hamblin,8149,Strehler Lane,Henderson,TX,58529,(065)-183-6506,M,853068,D232
C338,Lynne,Wallington,3466,S Wagonwheel Ave,Spokane,AZ,74347,(700)-915-7126,M,330976,D442
C339,Ashly,Thurwachter,1858,Bronsart Dr.,Providence,HI,73078,(114)-029-7567,F,485386,D234
C340,Olivia,Scottswood,5443,Rugby Lane,Appleton,NE,95958,(370)-443-7593,F,948328,D304
C341,Leona,Hayford,8557,Kelch Lane,Little Rock,FL,29920,(309)-493-6408,M,145583,D174
C342,Darda,Fitzjohns,5702,Kolze St.,Bremerton,NC,75681,(579)-281-4083,F,80508,D391
C343,Jerrilyn,Blindsill,5900,Ennersdale Lane,Roanoke,HI,97097,(051)-039-5280,F,875274,D28
C344,Briana,Lasseter,8541,Long Bridge Dr.,Detroit,MN,23450,(731)-491-0932,F,56930,D485
C345,Hynda,Kanowar,2632,Constellation Lane,Des Moines,AZ,26593,(413)-727-6163,M,631240,D407
C346,Dolores,Muldrow,6111,La Corte Lane,Huntington,CA,84452,(760)-165-7825,M,530591,D270
C347,Astrix,Magda,9529,Henry Lawson Ave,Memphis,ID,29389,(237)-066-3592,F,766544,D54
C348,Maribeth,Steinhauser,3465,Kerrick Dr.,Santa Maria,WA,73915,(118)-121-6262,M,342278,D466
C349,Nerty,Norlands,8438,Bouquet St.,Charlotte,MT,95720,(091)-582-1297,M,455923,D73
C350,Ashley,Ladner,6159,Esparto Rd.,Henderson,VA,11266,(350)-508-7168,F,428480,D401
C351,Gilligan,Bemis,7611,New Ocean Dr.,Grand Prairie,MO,83983,(090)-034-5187,F,78703,D8
C352,Mair,Whitebeam,3466,Venus Dr.,Paterson,NH,59451,(668)-810-6325,F,279131,D28
C353,Bonni,Kobala,6601,Majilla St.,Houston,OH,74516,(454)-403-0866,F,533132,D254
C354,Chere,Streamside,2964,Hersham St.,Newark,CO,35261,(200)-160-9703,F,726257,D90
C355,Berta,Edfeldt,9535,W West End Dr.,Sacramento,CA,31877,(981)-951-0013,F,976100,D18
C356,Minni,Oakmoor,2531,Yarnick Dr.,Long Beach,IL,78930,(187)-215-3875,M,648513,D231
C357,Wynny,Byworth,1690,Popondetta Lane,Spokane,MD,70441,(016)-196-1507,F,371086,D225
C358,Athena,For,4661,Back Bay Beach Lane,Dallas,SD,78772,(185)-323-4150,F,304378,D211
C359,Marlene,Larc,446,Ansted Rd.,Providence,NJ,57458,(118)-267-7140,F,251582,D469
C360,Jeannette,Lindenberry,9629,Ocala Rd.,Grand Prairie,ME,12129,(070)-797-7675,M,557394,D105
C361,Catarina,Schoonover,8358,Chubb Dr.,Hemet,IN,34824,(254)-925-6811,M,423856,D188
C362,Christie,Pirton,7078,Eastwick Park St.,Murfreesboro,NJ,90202,(571)-617-1913,M,134482,D38
C363,Aili,Radclive,7817,Seascape Ridge Dr.,Columbia,PA,79200,(146)-481-2674,F,635358,D122
C364,Marquita,Towyn,7218,Rokosz St.,Redding,NY,21593,(673)-206-1691,F,629969,D144
C365,Mag,Renouf,1792,Altamira St.,Thousand Oaks,MI,31679,(130)-383-4587,F,880972,D85
C366,Nerte,Plawsfield,2273,Gottschalk St.,Visalia,TX,92942,(615)-306-9514,M,870289,D187
C367,Glenn,Rasweiler,6819,Calloway Lane,New London,MS,95599,(361)-185-9481,M,670639,D75
C368,Demetria,Roxeth,8420,Jackstraw Ave,Grand Rapids,NC,64783,(265)-292-0837,F,686471,D291
C369,Almire,Leek,5946,Casa Dr.,Trenton,MO,27388,(562)-591-8975,M,33389,D25
C370,Nikaniki,Turnhouse,8365,Cordova St.,Mobile,OK,11555,(120)-663-8645,F,918293,D472
C371,Lucretia,Boulters,6409,John Daves Ave,Gastonia,ID,10587,(992)-950-5538,M,60380,D310
C372,Malissa,Jet,9412,Otteridge St.,Jefferson,UT,87795,(344)-152-3050,F,763356,D0
C373,Thomasina,Bingle,8080,East Longfellow Rd.,Frederick,NM,53065,(021)-129-2334,F,469624,D446
C374,Ruthann,Marinor,6909,Hartman Dr.,Charlotte,ME,46000,(365)-071-4474,M,121208,D228
C375,Annetta,Oswego,2971,Talamore Dr.,Saginaw,HI,17167,(035)-136-4521,F,795407,D40
C376,Almeda,Scheuneman,3182,Wark Ave,Sunnyvale,IN,87664,(345)-519-5964,M,259095,D471
C377,Lorraine,Overstone,4859,Rixlew Ave,Lewisville,TN,23502,(135)-675-4315,F,950505,D65
C378,Florella,Schletty,738,Ferne Rd.,Hesperia,VT,22824,(995)-376-1056,F,703123,D220
C379,Tony,Tuers,7217,Mymms Lane,Harrisburg,HI,25703,(072)-403-0812,M,13649,D127
C380,Silvana,Hillshire,9208,Kara Ann Lane,Monterey,VA,14186,(654)-062-4318,F,772553,D388
C381,Florentia,Oaksbury,627,Giovanni Ave,Savannah,WV,72075,(698)-893-3603,M,248539,D275
C382,Becky,Ballater,5722,N Lewis Ave,Grayslake,MI,66082,(002)-039-6838,F,615660,D406
C383,Gennifer,Mereside,7751,Stemler Rd.,Oceanside,IA,40894,(943)-329-8873,M,497200,D187
C384,Emmy,Kingsclare,55,W Warren Lane,Deltona,IL,27097,(137)-055-1164,F,89443,D330
C385,Roxanne,Ledway,2201,Edward H Ross Rd.,Deltona,VT,97868,(267)-100-4124,F,879783,D205
C386,Gerianne,Yorktowne,916,Poust Dr.,Richland,VT,73358,(036)-526-1096,M,634043,D311
C387,Jeanne,Hybernia,1694,Liscum Dr.,Round Lake Beach,CT,20575,(866)-880-8459,F,591248,D344
C388,Eleonore,Bimbadeen,5726,Pennys Dr.,Costa Mesa,NH,38909,(686)-736-0736,F,360552,D418
C389,Di,Rowntree,6791,Capital View Dr.,Long Beach,KS,31794,(597)-203-2862,M,948617,D119
C390,Betty,Jar,398,Dialstone Lane,Normal,CA,11398,(212)-722-9755,M,520401,D277
C391,Mil,Elwern,7705,West Edith Dr.,Panama City,AZ,26315,(123)-546-5971,F,311923,D344
C392,Aleta,Adversane,8398,Sulliman Lane,Arlington,VT,32248,(695)-080-5783,F,394249,D269
C393,Doralynne,Elmstone,4177,N Apache Ave,Warren,KS,47384,(904)-883-4911,F,559685,D15
C394,Dulcia,Larchfield,8816,Royal Robin Dr.,Albany,ME,51694,(703)-583-2174,F,114882,D34
C395,Shara,Wespark,5158,Sylviawood Lane,Palm Bay,AZ,29041,(716)-744-4421,F,526170,D260
C396,Sonya,Grayslake,8603,South Lehman St.,McHenry,LA,55046,(412)-249-4822,M,387358,D337
C397,Joye,Maryport,4564,Lunada Lane,Waterbury,ME,24192,(881)-377-0638,M,119427,D262
C398,Fidelia,Vavasour,3370,Grasdene St.,West Covina,NJ,87351,(258)-537-7822,F,961532,D443
C399,Fionna,Faben,5823,New Barn St.,Anaheim,VA,87271,(284)-244-1946,F,454277,D310
C400,Pepi,Walley,7626,Dowe Dr.,Aurora,TX,94915,(983)-689-0450,M,583055,D336
C401,Clerissa,Severnside,2013,Grengs Ave,Harlingen,AR,45099,(602)-756-4636,M,175516,D327
C402,Audry,Cowan,987,Maacka Lane,Arlington,ND,65429,(218)-719-3534,F,731347,D247
C403,Elke,Parkerson,5575,West End Farm Rd.,North Las Vegas,PA,83982,(283)-485-7396,F,608518,D404
C404,Sadie,Insey,310,Herrier Ave,Allentown,DE,11591,(827)-477-6964,F,787694,D335
C405,Shirlee,Ormart,4921,Chevin Rd.,Lincoln,LA,27889,(875)-597-1289,M,457840,D175
C406,Fidelia,Shelgate,461,Chimes Harbor Dr.,Sunnyvale,VT,47817,(545)-006-1821,M,289587,D249
C407,Iolanthe,Gilbralter,4880,Topcastle Lane,Oklahoma City,NE,98805,(743)-431-2151,F,749408,D244
C408,Wally,Pleasent,5057,Grindstone Lane,Newburgh,NH,51353,(828)-931-6784,M,480765,D341
C409,Cathleen,Selmart,283,Stamford Green Ave,Spokane,MT,35940,(614)-586-8118,F,819956,D3
C410,Kimberlee,Delder,3503,Dey Dr.,GreenBay,NJ,28304,(962)-627-5869,M,734958,D328
C411,Alyse,Shadygrove,9654,Little Twye Lane,Jackson,AL,70330,(890)-009-3309,M,180900,D153
C412,Ruth,Rexford,3052,Baines Rd.,Champaign,SD,43534,(616)-748-8739,F,565043,D348
C413,Laraine,Griswold,6804,Haines Ranch Lane,Phoenix,UT,48487,(535)-819-3013,M,912043,D53
C414,Cass,Treve,2063,Corto San Miguel St.,Fontana,PA,97195,(240)-064-7136,F,904416,D212
C415,Quintilla,Aste,6447,Pembina St.,Monroe,MI,63303,(127)-656-6352,F,431705,D165
C416,Janeta,Bombala,5370,Eurabba Rd.,Seattle,NM,20670,(301)-202-0467,F,70001,D458
C417,Madalena,Maroopna,3635,Old Towne Ave,Tulsa,AR,57568,(998)-871-1899,M,783940,D410
C418,Druci,Westholme,1982,Lynnett Lane,Utica,ME,76216,(577)-015-5584,F,532713,D172
C419,Blithe,Outwater,6540,Euclid Rd.,Huntsville,NV,37983,(029)-815-7815,M,646544,D159
C420,Andriette,Dodgewood,4262,Windmill Quay Rd.,Aberdeen,MI,71699,(237)-565-5544,M,183757,D492
C421,Carol,Cama,1147,Cross Chancellor St.,Fayetteville,AL,30870,(875)-384-5953,F,269997,D500
C422,Susanne,Burnedge,7859,Busk St.,Tyler,MN,70437,(050)-806-8800,F,615335,D398
C423,Rozella,Perdetta,6669,Slice Ave,Newburgh,MI,79945,(352)-186-1147,M,951641,D222
C424,Grier,Greenleigh,8804,Verducci Dr.,Utica,OK,63337,(123)-191-0635,F,903500,D384
C425,Almeda,Bunton,9432,Lomond St.,Bradenton,VT,87563,(489)-976-5378,F,587722,D156
C426,Clari,Avella,4741,Catterwood Ave,Melbourne,PA,14868,(280)-959-8450,M,612429,D227
C427,Meggi,Lutrell,5556,Sand Dunes Forest Dr.,Pueblo,MT,45248,(148)-166-4360,M,479397,D415
C428,Laetitia,Jedburgh,2860,McLean Dr.,Bonita Springs,FL,97433,(759)-869-6963,F,13417,D467
C429,Auberta,Shedworth,5957,Northeast Alder Lane,GreenBay,VT,14064,(263)-978-8427,M,302113,D272
C430,Adella,Teckler,6429,Ironstone St.,Nashua,AL,95154,(676)-060-4647,F,10375,D380
C431,Tanya,Poolton,6030,Leisure Dr.,Scottsdale,WI,65057,(589)-717-7562,F,366686,D237
C432,Pauli,Eversleigh,5637,Golden View Lane,Oakland,TN,74782,(095)-955-8605,F,757970,D193
C433,Prue,Andertons,2063,Ray Park Rd.,Carrollton,MT,52801,(715)-586-4282,F,962768,D141
C434,Elysia,Cottington,418,Black Briar Dr.,Henderson,PA,65709,(754)-845-7308,M,268196,D68
C435,Lanita,Willandra,1012,Estepa Rd.,Eugene,WA,67643,(627)-212-9774,F,63495,D241
C436,Isis,Motney,5520,Gwydir Lane,Chattanooga,WI,92850,(234)-162-7283,F,426149,D184
C437,Cloris,Yeo,6606,Forestville Lane,Modesto,WV,12785,(006)-097-7958,F,134834,D477
C438,Salli,Wissman,9664,Village Hill Lane,Burlington,UT,34389,(947)-062-3900,F,750429,D63
C439,Andi,Hus,105,Lillehei Ave,Kaneohe,NY,73094,(868)-425-3535,F,36567,D365
C440,Viviene,Colburn,6777,Biggs Grove St.,Dayton,GA,92541,(018)-648-8581,M,450050,D9
C441,Celisse,Erina,6920,Antone Rd.,Norfolk,VT,88937,(891)-481-5362,F,238170,D54
C442,Joellyn,Upwey,9103,South Park Victoria St.,Memphis,CA,29503,(621)-734-3018,M,178790,D168
C443,Michaeline,Aalten,5491,Elborough Dr.,Portsmouth,MD,48916,(360)-817-6211,M,705534,D234
C444,Rosamund,Brouillard,1448,West Vanston Rd.,Redding,NV,30457,(027)-660-2001,M,554225,D6
C445,Licha,Spy,1194,Fulks Farm St.,Myrtle Beach,LA,52415,(585)-939-8313,M,48687,D376
C446,Vivyan,Kimo,656,E J Conroy Rd.,Palmdale,PA,50632,(849)-476-5560,M,246004,D375
C447,Tonia,Brookby,5928,N Linda Dr.,Riverside,GA,34330,(662)-933-4249,M,568987,D475
C448,Jackelyn,Beridge,2833,Arinya Rd.,Daly City,MD,81009,(962)-284-3121,F,845704,D55
C449,Bess,Martinoni,7111,E Kilmer St.,Alexandria,IN,40097,(483)-327-4452,F,396520,D470
C450,Adella,Lounga,7939,Coachlace Lane,Raleigh,VT,21711,(481)-762-3766,M,314899,D482
C451,Pauletta,Mardol,1327,Poplar Lake Dr.,Fremont,TN,28505,(273)-072-1531,F,499243,D24
C452,Lory,Fabio,8759,Viewside Lane,Bellevue,TN,19373,(900)-840-8063,M,733467,D441
C453,Gabbey,Dairyherd,8728,Crooker Rd.,Fort Wayne,WA,79525,(043)-786-8337,F,90888,D365
C454,Marylynne,Helfrich,4408,Harmel Rd.,Elkhart,CA,24399,(529)-484-4542,F,571748,D294
C455,Corabelle,Mulvihill,9385,Sedrup Dr.,Concord,NJ,80732,(270)-839-2694,M,73862,D143
C456,Yasmin,Kanowar,554,The Holme Lane,Seaside,AZ,30940,(937)-734-5031,M,352897,D270
C457,Valene,Ticino,6531,Chipily Rd.,Charleston,LA,21091,(106)-674-7736,M,75682,D293
C458,Siobhan,Richal,9128,Jenne Ave,Lafayette,OK,63034,(147)-924-4169,F,572499,D150
C459,Jenifer,Spywood,7906,Bandera Rd.,Kissimmee,DE,72971,(654)-884-4635,F,704034,D413
C460,Adi,Robandy,4213,Nada St.,Berkeley,TX,55912,(800)-565-3569,F,596585,D228
C461,Cristen,Franscella,2159,Rancho Manuella St.,Fullerton,NY,54668,(310)-953-4244,M,475768,D500
C462,Alicea,Craigend,1096,Bederwood Rd.,McHenry,ID,41321,(589)-523-4004,M,950226,D169
C463,Lurline,Durleston,17,N Butterfield Rd.,Tuscaloosa,WA,43726,(633)-812-9461,M,871093,D173
C464,Karlie,Harpers,8151,Waitt St.,Thornton,NE,78125,(917)-283-1072,F,674533,D170
C465,Gracie,Raab,8613,Foreman Dr.,Tempe,MT,11104,(363)-236-0115,M,58825,D291
C466,Chere,Hembree,6143,Popondetta St.,Cleveland,HI,25224,(933)-062-9926,M,456479,D458
C467,Jessalin,Linslade,9964,Whitelegg Dr.,Aberdeen,LA,35775,(281)-820-4019,F,176733,D79
C468,Hermione,Buker,7385,E Fox Ave,Las Cruces,MI,20111,(817)-811-3017,F,657478,D222
C469,Meriel,Kautz,6818,Mossbury Lane,San Bernardino,CA,71612,(581)-313-7877,M,155621,D350
C470,Hayley,Craiglands,7180,Northern Neck Lane,Appleton,NE,95529,(764)-638-6813,F,425196,D46
C471,Teresina,Kitsbridge,3783,Preserve Rd.,Stamford,AR,44277,(323)-072-0682,M,612587,D442
C472,Bari,Hazelbrook,2335,Redwood Hill Rd.,Normal,CT,56059,(245)-782-1793,M,589146,D202
C473,Dulce,Gerdes,8627,Shipley Rd.,Raleigh,SC,97964,(851)-894-0580,M,176194,D263
C474,Pansy,Goodvine,707,Hoo Green Ave,McAllen,AZ,79761,(556)-054-8811,F,268417,D309
C475,Elly,Poppyhills,7930,Tumwater Lane,Gilbert,ID,95060,(703)-040-4652,F,576841,D10
C476,Odilia,Norval,3729,Searingtown Ave,Mesquite,WA,66986,(439)-485-2753,F,168490,D414
C477,Galina,Kungala,2204,Palisades St.,Redding,CA,87334,(044)-761-7176,F,881694,D379
C478,Casandra,Beachhall,2261,Creek Park Lane,Glendale,WV,28217,(650)-062-1309,F,208750,D85
C479,Carine,Fortini,8298,Portal Rd.,Philadelphia,ID,57301,(692)-988-0772,M,298646,D311
C480,Ethyl,Kozera,5219,Birchcroft Dr.,Fresno,UT,26383,(239)-518-7958,M,433630,D80
C481,Teena,Bellavia,8102,Woodpecker St.,Victorville,NY,53222,(297)-005-7273,F,506826,D51
C482,Ivie,Cherryhills,6046,N Lawndale Lane,Kaneohe,IN,45510,(267)-526-9341,F,522755,D110
C483,Alfi,Sandylands,886,Faris Barn Lane,Bradenton,NH,38717,(573)-088-0201,F,889747,D126
C484,Sofie,Grayton,5842,South Bear Ridge Rd.,Lakewood,GA,48093,(258)-325-9082,F,215912,D367
C485,Carmela,Donnybridge,5584,Thornholme St.,Hayward,DE,61434,(231)-887-1361,F,498882,D43
C486,Dulsea,Gurnet,288,Beach Side Lane,Downey,CT,16804,(062)-022-2840,F,577723,D208
C487,Gerda,Wekiva,4266,Brainard Rd.,Brownsville,OR,97363,(571)-174-3488,M,464552,D323
C488,Doreen,Bayport,1968,Dream House Rd.,San Francisco,AZ,13739,(186)-785-0683,F,968573,D83
C489,Debby,Whitefur,568,Merriden Lane,Reno,SC,76623,(853)-109-2847,F,766365,D407
C490,Annabell,Waterston,2938,Tuttle Lane,Salt Lake City,TX,59147,(036)-492-9976,M,31010,D397
C491,Ruth,Cotluss,1123,Bundanoon Dr.,Kalamazoo,SC,43985,(984)-443-8718,F,361328,D301
C492,Pier,Glastonberry,3863,S Eden St.,Johnson City,KY,19813,(529)-908-8851,F,547824,D47
C493,Nicki,Everitt,3627,Castillejo St.,Waterbury,OR,39064,(333)-023-4724,M,901593,D79
C494,Zitella,Babson,9036,Antelope Run Rd.,Gilbert,CA,73496,(126)-842-9814,F,640268,D483
C495,Kathie,Redwing,7987,Schmidt Lake St.,Sarasota,CO,76432,(029)-931-4565,F,254717,D54
C496,Madeleine,Finchampstead,1062,Monclar Rd.,Gulfport-Biloxi,IL,56770,(136)-461-0154,F,807823,D388
C497,Easter,Orb,4521,Sharlee Ave,Newport News,CA,79682,(944)-203-1798,F,119277,D362
C498,Phelia,Silveira,9514,Stamford Green Lane,Minneapolis,MT,90829,(643)-076-7373,F,603844,D192
C499,Esther,Lego,6608,Burnsdale Dr.,Garden Grove,AR,64917,(439)-990-5570,F,663238,D497
